,content_id,content,subject,sentiment_value,sentiment_word
73,IeXnv29Rf3Bm6WKS,换4条静音轮胎才是正道,舒适性,0,静音
135,hiRBxzXvFfKI2y85,用过两款减震机了，CUSCO、RSR，目前觉得还是原厂最舒适。,舒适性,0,原厂
136,vRAztNshlaSWYOxd,这车就这样，蹦蹦嗒嗒的。估计lz以前开的车舒适性不错才有这样感觉。,舒适性,0,
137,eLmSiqv06pfNr2V4,看你的需求，米胖子应该比较适合你，安静舒适,舒适性,0,
138,cQVS2zpOjEqKmiGI,咱俩只差一个月我刚跑了15000 去这些地方开着感觉咋样？顺便问你一下你的空调出风口有没有坏？或者听说别人是否有坏的,舒适性,0,空调
139,g8Uw2noap6TfVKhP,有时候如果熄火前没有关空调制冷压缩机，启动的时候压缩机会自动启动，发出类似阀门开起的那种声音，不晓得是不是你听到的那种,舒适性,0,空调
140,hpyl7WjQKofXq8dg,不开空调默认是开打外循环的，要打开内循环可以不用开空调，直接按空调控制上的内循环开关就可以了，这时空调显示屏上没有温度等信息，只有一个回绕的小箭头汽车图标。,舒适性,0,空调
141,g4OUT0dnBGVJ9qX6,冷空调开起来都是后面先凉。    ,舒适性,0,空调
142,z1KFt2yo0jD4lfOc,空调开一档 二档 声音比出风声都大    ,舒适性,-1,大
176,kgMeaAGu421DQOt9,1、噪音，可以考虑做个全车隔音，效果很不错。2、刹车软，我也觉得，所以我换了好点的刹车皮，效果杠杠的，至于品牌，很多不错的，我选了dixcel。3、至于行车下锁，自动升窗，一健升窗等功能，在x宝上面大把这种控件，并且是无损安装，还有多合一的，找个信誉销量好的店家，最好是本地的，直接去它店面安装。,舒适性,0,
249,JQKMPr5qIuV4Ltbi,要是我的话，就不止两个了，隔音，音响，中控屏，烧机油，最后一个，4S坑！    ,舒适性,-1,坑
251,z4gGv2liFMsQ3qYA,我个人对声音不太敏感，所以没觉得高速噪音大到无法忍受的程度，至于烧机油，我新车不太清楚，希望不烧吧    ,舒适性,0,
257,mSPlZvADzQVos9BO,高速噪音大吗，烧机油吗？,舒适性,0,
329,gDyCLeTpMFGXdvxu,异响能解决吗？车漆能硬点吗？前档玻璃能结实点吗？,舒适性,-1,异响
338,vzPSHIlUJgyhMsFb,这东西装上了高速噪音会很大吧,舒适性,0,噪音
340,5bK1tDapXe9wjEHT,这个是高速空气扰流，减少噪音的,舒适性,0,噪音
345,vq8GprJFxYoSyKed,高速行驶车内噪音大吗？,舒适性,0,噪音
349,xOFfHey54JY0hIQ3,米其林说是特别不抗磨，但静音效果非常好   ,舒适性,1,静音
350,jfgr05U1KDTkLVZx,感觉还可以的，静音好像比原来的普利司通好些。    ,舒适性,1,静音
351,KhIXrJeMF9A3758q,用了快三年五万公里，没啥问题。就是噪音大。,舒适性,-1,噪音大
363,w0hAsE95pjTbO4mq,米其林哪一款忘记了，主打静音    ,舒适性,1,静音
365,FiWN98UVeBg1Cf5G,我也换的米其林，没折腾，还是原来尺寸225的，胎噪小了。,舒适性,1,小
369,hU5sGBfCeH9ZniJP,2.5好，高速噪音很大！！,舒适性,1,好
373,N6I8D70KQFYh9MGe,我还是更喜欢17寸的，我觉得18的太颠了，过减速带不舒服,舒适性,-1,颠
377,HBJldUyCqPzT4Xp8,在论坛里搜了下腰托，好多反应不舒服的，看来不是我一个人这种感觉    ,舒适性,0,不舒服
404,Q8TJy0jhuO79GDvW,车跑的时候 你能听到 后备箱传来的风噪？    ,舒适性,0,
407,5HI8lovjtBsrybcu,咕噜噜的声我的飞度也有，过沟坑震得厉害才会有，响个两秒就没了，算是正常吧，为什么这样响就不知道了，现在的森暂时没试过过大坑。,舒适性,0,
408,M0WG9JqZYLnSN2Ky,那说明你的异响根本就不是哪里，只不过拆车重装的过程中动了某些地方导致异响暂时消失而已别在让人拆顶棚焊接了，这个办法太坑人了，要解决只能老老实实的找，找不到绝对不要轻易补焊！这才是正道！    ,舒适性,0,
412,jfHPrJp7RNlsUu93,我当时提车的时候临牌，保险什么都上好了，结果空调有问题打不开，后来说里面有个什么线没插，车子完全没问题，但我死活不要，后来还是重新给我换了一台,舒适性,-1,有问题打不开
413,KzWVr5TSpL6seIv0,冷车发动的时间发动机噪音大一点，车一热就好了，还有你换的机油有关系，一定要用0W20的SN级别的机油。如果热车发动机有抖动，可能与你加的乙醇汽油有关系。,舒适性,-1,噪音
427,MR1dzJ5TrIYl0ZGB,唉，这个破车，BYD就是开烂了，也没听说有开焊的，成笑话了，我的也响！ 弄个破胶布，垫一下电线，折腾的我来回开了接近200公里，焊缝开焊，上路乱响，4S连个屁都不放,舒适性,-1,乱响
434,oidBOejfGRY5KPxb,森林人宽敞些，因为高度比傲虎高，但舒适度不如傲虎,舒适性,0,
449,UjLf72QbJiYnDSae,15款的豪华悦享版装哈曼卡顿音响,舒适性,-1,卡顿
469,U6jm1DLKgJCiGQew,两款不同的车，森林人是偏运动风格的SUV，操控极佳，内饰、隔音都不咋地，傲虎应该算是休旅车，是轿车和SUV之间的跨界车，舒适性更强，有可能就都试驾一下，看自己的喜好   ,舒适性,0,
472,TGqmYgtkXRI3l2rN,异响，盆友有个13款傲虎，烧机油很厉害。我也很担心啊     ,舒适性,-1,异响
476,LH6i3Y5pIDnVB8rR,有，异响。。。 哪哪都在响。。。。中控 、D柱、座椅、妈的现在感觉轴承也在响 还没求证,舒适性,-1,异响
495,wht4boeR12kSFMpU,来个中肯的吧，小保养668烧机油说是改进了我也不清楚，16款说改进了，我是16款的25目前17045(刚加油测油耗记得请 )目前油耗8.0，小问题是变速箱低速偶尔有顿挫，目前为止发现3次……，跑不平的路异响眼镜盒！！！主驾驶开窗后颠簸异响，开过老哥的科帕奇后更喜欢小森了,舒适性,-1,异响
517,PdJr3bRkSYB4aEZ0,斯巴鲁的空调很给力 我6年的车了，空调还是刚刚的 不要太纠结座椅通风，开会车，挺挺腰身，挪挪屁股也好，沁凉的空调环境里，也舒服,舒适性,1,
519,M2wWsVSBYR1GH4IX,过来人告诉你 新款cx5 操控不比森差，但是隔音 内饰上好与森,舒适性,0,
538,knlw7I93HxSjc6Uu,我用过横滨的雪地胎，现在的森林人用的是邓禄普，感觉横滨略好一点儿。邓禄普的雪地轮胎换上去比原车的优科豪马舒适性差，比较明显的。   ,舒适性,0,
541,3uFiTMxqmWyB9zZD,对不起，森林人的空调也不咋地，所以我夏天基本都开奥拓。同事经常座我车上下班，开森林人时，总让我空调开大点开奥拓就不一样了，“老叶，把空调关小点，有点冷”   ,舒适性,-1,不咋地
542,fdwgimP7ptqIVNn1,这个我不太懂 反正我下载无损版插u盘听歌机头就卡u盘发热 有人换个铁皮u盘会好一点 但是我觉得音响质量很差 有人说是鸡头的不太好 喇叭还可以 你觉得是直接换机头好还是换喇叭    ,舒适性,-1,质量很差
545,y4jTPdk8GnKVLwpJ,这个胎实际使用感觉怎么样？胎噪，油耗如何？详细说一下体验。,舒适性,0,
556,U42bIXLWvnaFGMpm,我不只这样，我过颠簸路面中控都有当当当当的响，头疼。看照片楼主是90后啊，酷,舒适性,-1,异响
558,ipKI1he0jDybYBGR,低速状态下避震动态表现没啥区别，速度起来后走烂路的感觉就完全不一样了，没那么生硬的感觉，舒服了一些，操控方面的话我觉得没啥太大的提升。反正我觉得不能抱太高的期望吧，毕竟只是个小升级    ,舒适性,0,
577,cFhwWbOnlarM3sij,我的10 年的2.0手动，跑了不到13万公里，做在主驾驶位能听到类似凸轮轴打气门的，哒哒哒哒响声，正常吗？,舒适性,0,
582,5NJG0U4kFBELjfa8,我今年情人节提车2.5尊贵导航。。适用。。性价比不高，省油。空间大，开着舒服，隔音不差也不好 音响蓝牙播放无损也不错。。。。。。最近正考虑升级音响和机头   ,舒适性,0,
586,bARdcQm3kviJE0he,其实斯巴鲁的中控主机不差，当然不差钱，换了肯定更好。斯巴鲁的噪音太大，不做隔音简直没法听。   ,舒适性,-1,噪音
589,TELYBbyl30wcZAu6,我也是这样，瘦小的人坐在森的座椅上毫无包裹感，我开一个小时以上就腰疼，所以我买个一个记忆腰靠,舒适性,-1,腰疼
590,c8Akgd3opiwUVmOe,在10000公里已经换过空滤。空调滤话，仅换机油，机滤即可，如果新车至今没有换过空气滤和空调滤，可以考虑购货自己换，注意不听4儿子店忽悠要清洗啥啥啥的。。至于异响让技师检查咯。。。,舒适性,0,
593,TSjq6U2AKyE9PscB,品质全靠人品，怪不得那么多车烧机油有异响    ,舒适性,-1,异响
605,3qc8BHaXmeAogx51,还有四个车门开到路不好的地方咯吱咯吱响，天窗也漏水一次,舒适性,-1,异响
608,zkyCMYpqaLXm6BIS,你好：建议上服务站检查一下，变速箱异响原因有很多的，具体要检查一下才会确认是那里有问题，如果问题大，要求更换总成，用车愉快！,舒适性,0,
609,7NaeBgAoq62iRKPD,我的也有，不过是在车门玻璃半开的情况下才会响    ,舒适性,-1,异响
616,Vsj0O3T8Kao5kw6J,开空调了。泵一动，就抖。尿震得感觉,舒适性,-1,抖
632,lf9hQWOmDcKXYwjC,基本上2014前以前的CVT车型都烧机油，可以索赔发动机中缸吧，好像是，我觉得你别收森林人了，添点钱买个新的低配的CX5 或者奇骏，不错的选择，森林人行驶质感一般，坐上悬挂硬不舒服，尤其是后减震，路噪大，内饰有点糙，中控有部分异响，后座位内饰板容易开裂，CVT 变速箱有啸叫。开了3年的森林人老司机坦诚告诉你。,舒适性,-1,不舒服、异响
644,lAiwRTkVWarQts83,我的快21万了，不烧机油，就是间隙大，气门声音大    ,舒适性,-1,气门声音大    
678,cSVg01t9UbuOBEqn,遮阳板位置，后排顶拉手位置等，去4S索赔，他们赚个小差价，双赢，唯一4S小工技术不到家没装好产生异响。目前没有异响。   ,舒适性,0,
684,S7RwenYgJGl24yp9,好像不是滴滴声儿吧，我的同款停车后发动机里是卡啦卡啦的声音，正常情况。,舒适性,0,
686,HytrRZCSNVaxPo91,13款10月的2.5，除了半轴异响还没有发现之外，其他的和你一样，烧机油是8万开始的，3000公里1升，爆震1万公里就开始了，震到现在，各种能试的方法都试了，现在已经放弃了，4S店要给免费换中缸，还没想好换不换，就怕换了有别的问题，不然就等发动机报废了换车了，座椅不是真皮的，是革的，也裂了，都一样。,舒适性,-1,震
689,nOMb15mgZidq704p,异响是不是你手机放在离中控近的地方，信号干扰？？我的没异响！   ,舒适性,0,
703,KEoMgWaAIz371Oex,我和你一样的，骐达换森林人，曾经有两次差点追尾，我好朋友开我的车也两次差点儿追尾，但现在已经没有任何问题了，改一改原来的习惯，做好预判就好了，反而更安全，乘客的舒适性也会感觉更好，习惯了过后也可以开很快，祝你早日熟练,舒适性,0,
718,Nu2SZbd18HsLOQPF,GT30就免了吧！那噪音不小啊！且衰减快，3000左右吧！动力方面还不错，我用过两次！之后想都没有想过“她”了     ,舒适性,-1,噪音
726,U1G7B58jHK6ndQbz,我16款也响车速超过50码时，今天去了4s店试车，他说发动机声音隔声问题我呐闷,舒适性,-1,响
734,T1sEZ7DM69FoUrQG,森林人异响在这里都不是事儿了，焊点开焊后就是薄钢板触碰发出的声音，上4S点对焊的有的是。我的也响，从五万公里开始   ,舒适性,0,
738,9ZkgSWRObXteGH7j,那个肯定不是发动机的声音 4s店老忽悠人 你的是不是没有规律的响？    ,舒适性,-1,响
740,BEtfSMgU9lLo6NCR,这车没开过，回答你 3.可以自己买机油更换，只要型号一样即可， 5.360记录仪还不错，挺好用的。 6，不建议戴套，没有必要。 7，又不越野，换静音胎可以的，噪音小不少,舒适性,0,
751,w92EpJqlk0Ti3Kzy,我换了国产的轴承2万就开始异响了还是换了NTN的    ,舒适性,-1,异响
763,4q7xvsV1ynEphUTP,怠速轻微抖动我也有 要是刹车抖 可能是盘子和片的问题    ,舒适性,0,
765,urbBsA9KaeVJYFWj,不是音响，是喇叭吧，喇叭网上有。,舒适性,0,
773,Y8wybDUhAiZ5MLHn,我也是，刚提两天。情况跟你一样，还有发动机噪音大的很你的是不,舒适性,-1,噪音
776,JjUcbkCslFwgyqoh,是的，发动机声音很大，而且坐在驾驶座上能感觉到抖动    ,舒适性,-1,噪音
777,JzmxBIgREG6VP4YX,拍空调滤清器，自己换吧，一般一年一换，还要经常拆下来清理,舒适性,0,
782,UF5tVZWoB4T1MD82,你需要的是等待遇见足够脏的空调滤芯。哈哈！,舒适性,0,
786,ELI7BMDy2oFt0zlP,提车6天，700多公里表示无异响,舒适性,0,
792,hvZHagAs7utnfyFX,真斯巴鲁，天冷了，发动机温度低的时候有个自我保护，转速会比较高，噪音也比较大，过个两三分钟就会降下来,舒适性,-1,噪音
800,5LHYkm68oQJydf9B,16款时尚2.0快一万公里了。除了胎噪大。没有听到你们说的什么异响。可能我买的是假车,舒适性,0,
804,LilGFgvr936wpWyP,电动尾门有的呀，出风口第一排座椅下，没坐过后排还不知道制冷差多少，不过空调很牛逼了。全车除了那个中控台是坨屎外，都挺好    ,舒适性,1,空调很牛逼
822,dKqrthVg6P48eklD,舒适性 隔音都要好于森 楼兰均衡    ,舒适性,0,
828,bOcxUzdVkeWJDE9I,质量可靠性都不差，森林人的隐患就是烧机油。但是森林人比楼兰低半个级别，空间，内饰，舒适静音各方面都不如楼兰，性价比实在不咋地。唯一的优势是操控和四驱能力，对你来说，上下班代步，森林人的优势你根本用不上   ,舒适性,0,
832,R7E3fDmHPaCvhT2N,晴天一个礼拜，加满油，有异响，应该不是哪里进水    ,舒适性,-1,异响
835,1ALEVRlKNfbigm65,天气冷了，把调温度的旋钮调到高温，再开的话，空调就不会打开了,舒适性,0,
837,hao9B5Up4QEsfACM,这能看得出来吗？你经常发生晃动？我是偶尔会这样，不知道怎么让其他人能感受到这种晃动，晃动的声响很微弱的，而且不一定一定能试出来    ,舒适性,0,
839,wLHbADs4hKOrydiY,我空调滤和空气滤已经换掉了，京东的活动，满299减150，备了2年的空滤    ,舒适性,0,
841,KXLSTF3rBospk6v7,长期高速，要求舒适，就选择楼兰。森林人除了隔音不好，2.5动力差点。对我来说哈。其他都还行。,舒适性,-1,隔音不好
843,ucnmdgpFQsAx7JRy,我上一次换了一次安索的油，真的感觉很差，发动机噪音明显变大,舒适性,-1,噪音
860,cWDyrjsYd23bMPXI,不要开空调，直接吹暖风就行，最右边那个圆扭拧到最右边,舒适性,0,
873,TNjshVqgORDcEJ6I,噪音控制如何啊？谢谢！,舒适性,0,
875,iHJZDu1W84MLGPge,噪音控制一般，没发现异响。没有开高速，所以不知道100以上的表现如何。   ,舒适性,0,
890,3TulC6ErvOS4FGKe,傲虎的舒适性是最好的，选择的是力狮的地盘，牺牲了一点离地间隙。XV适合女性一点（个人观点），森比XV空间大，没有XV精致，比傲虎越野好一点，没有傲虎舒适,舒适性,0,
920,9y8Rh6UXEKsCzcDS,缓停没有响那是因为车还没有完全静止，当静止那一瞬间异响就来了。可不能一早挂N哟，我是要在车辆静止下来的前一点儿挂N    ,舒适性,-1,
922,1NCjd2Gk8SKq0X3z,这个地方是有响声，但是具体在哪你找到了吗？   ,舒适性,0,
931,x6LtJFzHY0i3os4N,我森林人就是上下班用，真好开。 楼兰太笨拙了吧，不过要是家庭用，肯定比森林人宽敞，舒适,舒适性,0,
959,o5DhzwqsFNpHYajM,你们4S还加钱换530，我问了我们的四S，说前几个月都是020的，最近两个月定不到020的，所以后都改530了，说530对车没任何坏影响，让我放心用。    ,舒适性,0,
971,2fbIEFtpmMBGcCen,橡胶自然老化，不影响使用。,舒适性,0,
974,4VXwaiyv2gbEdFtq,四儿子应该用听诊器听出来，我的还没响，没到公里数应该    ,舒适性,0,
987,TeU5bRmrAu7nYH3w,我的2016森，2.0i，四S也给加的530油，不知道后期会有什么影响。质问为何不按说明书来，说进不到020的货，530也行，没任何问题，我该怎么办？    ,舒适性,0,
999,kyTm6Cv4QarHc1WD,我觉得森林人可以了，底盘算是兼顾了操控和舒适性！你去试试欧蓝德，操控不行，底盘还硬,舒适性,1,可以
1002,YKsMuWnhwGbyJrq0,我就想知道，新款还有异响么，有的话我就放心了??,舒适性,0,
1006,9Go7LYni4RPyCtcz,后排是忽悠 容易晕车  靠背放倒一点  跑长途还行,舒适性,-1,忽悠 容易晕车
1020,jkQIgUbeCTZxuESw,你的行李架掰着会“咂咂咂”直响不？    ,舒适性,0,
1025,0exoKzRrhDawsXOU,我换了前盘和皮 感觉性能提升了点但异响减少了    ,舒适性,0,
1029,b8okcQaO3x7YN6Xq,夜里玻璃反射到左后视镜上，影响视线。我在4s状的。东西是原装进口的。,舒适性,0,
1034,PmqWND3Rt1g9wGYJ,空调最右边的圆形上半部分的按键就是前挡风玻璃加热。其实只是加热了最下端，防止雨刷和玻璃结冰冻在一起了。,舒适性,0,
1037,Vbjh0M6rO4dTKJWm,森林人，听这名字都不像让你舒坦的车，说实话，这车只适合喜欢操控的驾驶者，舒适性那就别想了,舒适性,-1,就别想了
1038,K03GVWzeNIkAc6n4,根据乘员的乘坐感受来说CRV的舒适性要好一些，如果是驾驶感受当然还是森林人,舒适性,0,
1042,gM2olm6YPn71b0FT,这个油一般般，刚换了这种，跑了7百公里左右，噪音大， 提速肉，还不如之前一直用的白桶出光,舒适性,-1,噪音
1051,VYSaKOlqIJkoPryp,你坐坐其他同级的suv你就知道了，要舒适买日产吧    ,舒适性,0,
1054,MpSCJOPg69cB218l,不管它，最近2000公里，居然不响了……,舒适性,0,
1061,awDxhiI4tLGqZQUu,舒适性这俩应该差不离吧，不过森的驾驶感受你懂得，数一数二的,舒适性,0,
1066,Z5zrScJKfovIdYWA,我这锅也用的日石铁桶感觉发动机噪音有点大   ,舒适性,-1,噪音
1071,RPVwtmY3plQcB9xv,据说变硬了，驾驶舒适度降低。各有利弊的操作,舒适性,0,
1075,EPRQx2HJfLlN7dS8,内循环和外循环电机不一样，可能是电机异响,舒适性,-1,异响
1082,Vzkn4qA2BGw5MxHa,我的16款1.2万公里，目前无异响,舒适性,0,
1085,1tyU3GgwVZP7d2c6,我的奥迪以前每天早上打火都会响，吹口哨一样，或一分钟就没有。后来发现二次进气泵的管脱落了，接上就好了,舒适性,0,
1086,ckU7xhrRsIbXNZDC,看路况的，路面不好，大奔都会响，斯巴鲁就不谈了，不定点的各种响,舒适性,-1,异响
1087,ODhmNlo8xZPEnTv0,一年车，四个玻璃表示都响。,舒适性,-1,响
1093,rCQUby6Dka5ViZYf,两个车轮同时过，悬挂哗啦哗啦响,舒适性,0,
1096,3iWvMZbNYmJ74Hxh,没用的，最近气温零下，又开始响了。    ,舒适性,-1,响
1097,YfZ4QdTc9EHXqwAI,我暂时没有耶，不过我姐夫的bba也有说不清的响声    ,舒适性,-1,响
1102,GFdAkSfyK4z3ro6l,方向盘要正，空调负荷不能太大，不能急刹，不能刹车不踩完，时速要超过5公里以上停车才能启动,舒适性,0,
1110,1qwo65JNBf0g93me,有异响，除了喇叭不响，其它都响,舒适性,-1,异响
1112,redCk8cYWNVn3tJA,论舒适你应该上汉兰达呀,舒适性,0,
1172,tBAuG9EeQ6RO7z1h,换中缸对车整体有影响吗？    ,舒适性,0,
1175,JsGq6LYcevkzZTw8,我才提车半月，中控里面过颠簸的路就有异响了,舒适性,-1,异响
1187,wFkjXmS2uU6TOQGo,是不是只有开空调时才有？有的话，如果还在质保期，那么你就可以去4s了，如果不在，能忍就忍忍吧,舒适性,0,
1192,WC59FKljx4hwH8uU,长途机油消耗大，搞异响，搞烦了，四儿子态度很差，早弃保了。    ,舒适性,-1,异响
1196,QKdEVBHf6b3huZlD,多谢多谢，大恩大德无以为报。明天就去看看是不是这个地方响。实在太感谢了        ,舒适性,0,
1203,1gudpVXGyCQfwLMK,楼主我们是同一款，出现的问题也基本一样，不过我的后备厢异响是在门那个地方。加了个东西就好了没有拆开电焊。写的很好！我也是感觉越开越顺手。适合家用。,舒适性,0,
1205,revoL4H9tIk6bViR,楼主 怠速也有哒哒哒异响吗    ,舒适性,0,
1214,uQjZ1G8volteUKOy,恭喜楼主啊，其实还有一个角度就是为了宝宝考虑一下，斯巴鲁的避震调校更舒适，而奥迪则偏向运动性,舒适性,0,
1217,2LwDok6IustMZUnV,开过本田1.5缤智就可以对噪音免疫了,舒适性,0,
1220,W5w08FVlueZ1dvCO,我的单买 空调滤芯就138啊   ,舒适性,0,
1223,f1kALP7vtzYmpw2V,你空调开最低档，出发会不会有响声    ,舒适性,0,
1226,dXbU6sfYEDxl2w0P,这破车，大家都用什么机油，除了拐弯爽点，没有好处，各种响，变速箱异响，烧机油，天啊    ,舒适性,-1,各种响
1238,5iqjWM8RBNZ9zAJV,个人感觉，欧蓝得舒适性要好一些，奇峻不推荐，探界者新车型，可能会不稳定，雪弗兰本身就不稳定。关键....你的困扰在最后60公里烂路，森林人全时四驱，后双叉臂，陡坡缓降，上坡辅助，膝部气囊，这些会对你帮助很大，这些理由够充分吗？haha,舒适性,0,
1244,ilDL7qB9coNdtvSX,还行吧，这车就是操控好点，长途开着累，因为座椅不行没有腰脱，后排坐垫也不算长。我开车也不急不过你要是满载100以上超车真的费劲，等你买了就知道了，不是急不急的问题。自己考虑吧   ,舒适性,-1,开着累
1250,RK29Xy4e0a65rw1U,脚感比较轻软 偏舒适 效果还是可以,舒适性,0,
1255,xseKJFfugUOkD9Z6,我的车没有注意有这个声音，开空调压缩机和鼓风机开始工作，排查是不是鼓风机声音也很简单，将风量逐渐加大再看哪个声音是不是随之变大。个人意见供参考，必要时四儿子排查。,舒适性,0,
1259,RlhLvdkgCp0fwsEN,森林人唯一不能满足的就是舒适性,舒适性,-1,唯一不足
1269,PflHOdAUnXIjo2WY,这个价位，又要四驱性能、操控、内饰、隔音、安全、豪华全都到位，那人家破鞋买给谁去？,舒适性,0,
1277,s1bqKUI8NrR50ZtX,伤车，如果有异响了最好去店里看看,舒适性,0,
1278,EdqeCY7OTVxf208t,我的没理会，现在不响了,舒适性,0,
1279,DTxnv4MAbCY0LXjp,我的也响，去4儿子那也是弄了弄后备箱锁，好了一段又开始响，都去两次了    ,舒适性,-1,响
1280,2wXBI9EQl3Lsia1Y,给楼主一套曼牌的三滤吧，机滤W6019，空气滤C2201，空调滤CU22004，森林人能用！,舒适性,0,
1287,8Rr2EwenkhQNtZ3s,10个月了，1.2w公里，目前无任何异响,舒适性,0,
1288,dlSk7fRpBiDuHmLt,给一下链接，谢谢；原后视镜视角太小，不自动防眩目，加装曲面的出现共振异响，一直想换装,舒适性,0,
1289,YvBaoSntPTMeUGp4,没遇到。如果响得厉害，找4S。,舒适性,0,
1297,IuKUG0daL8QWf9iH,还是有的，60km/h，巡航状态发动机基本就在1100-1200区间。应该不是变速箱模拟降档，降档的顿挫是一次性的，而且震动比较明显。现在车在1100-1200是发动机的一种颤动或者说共振，带动中控和前风挡一起共振，发出异响，是持续的，不那么明显。   ,舒适性,-1,异响
1302,EGjb0fZq8LXsJInQ,我的老款，副驾遮阳板同响,舒适性,-1,响
1307,i3T4Jly5IRhF98gM,混动crv烧机油么，另外噪声控制如何   ,舒适性,0,
1314,IsdMHpBZ0SYPygi1,我当初也是这两辆车在选，先定了傲虎，然后第二天改成了森其实傲虎比森油门响应快，门和高速过弯没感觉又多大差别，应该差不多，傲虎隔音内饰要比森好点～eyesight很有用，建议有条件一定要上！但是森的视野太爽了，老婆开过念念不忘，家里第二台车，也不是太在意空间，所以第二天就改成森了……,舒适性,1,好
1324,IbheRGV6HuNCLStT,这俩车取向完全不一样。买森林人的基本不怎么会买奇骏的吧，反之亦然。我觉得奇骏作为家用车真的挺不错的，空间大，舒服，动力不差，四驱在城市SUV中算好的，真的是很适宜的一部车。   ,舒适性,1,舒服
1327,jfOndsE8QPZXul7V,奇骏空间大舒适性好配置高，还有一定的脱困能力，确实适合家用，性价比高。,舒适性,1,好
1339,HmQF6KOEoDa5IBqZ,如果汉兰达不加价，不实行SB的饥渴营销，我就买了。现在想想幸好没买，一是七座用处并不大，二是城市驾驶森林人要爽太多，三是找停车位时少很多麻烦，四是经常自驾游森林人是最好的选择，五是操控、四驱、通过性汉兰达无法和森比。虽然汉兰达的内饰做工、空间舒适、保值耐用、综合性价高等优点也是森林人无法相比的，但这些都掩盖不了森的主要优点，还是森林人适合我。,舒适性,1,空间舒适
1357,BaFdXcWgAOQCNimo,相比你的马自达，颜值差，动力差，油耗高，异响多，操控差， 08年的一旦维修起来配件要命的贵，必换的一套正时大概2000多。除非你懂修车，会找拆车件。08年的国三排放，将来出手都不容易。2.0的应该不如你的1.5动力好…唯一好的大概就是空间大点吧，通过性强一点，否则真没必要换车，09款车主真心话…,舒适性,-1,异响多
1392,aLUsTDqeyWOZ5XKw,据说14款以后烧机油的问题改观不少，漏油的应该不多，拉缸那是个人问题了，保养和同价位车比起来不贵，但是配置不高，隔音不好而且偶有异响，如果有强迫症的还是慎重。    ,舒适性,-1,隔音不好
1418,dfrAY7v5FqQt4kmi,国产确实有，要知道国产车内部的电子配置从来不吝啬，但是又so……what？！说真的我当初也是看中座椅记忆，因为和老婆身高差的比较多，早上她送完小孩回来就轮到到我开去上班，一天最少要调2次座椅，烦死了！差不多价钱的合资或者进口车，有这个配置的真不多……LZ不知道你新选了什么车，我早上试了一下你要转头才能看后视镜的情况，感觉你坐姿真的应该比较大问题～   ,舒适性,1,看中座椅记忆
1434,d8iTSu5GgQfwYFx6,说得好! 我给家里领导也是这么说的.听完的我说的，她总结到:你买了辆外观丑，配置差，噪音大，还颠的车?我说把钱花在看不见的地方的车才是好车   ,舒适性,-1,噪音大
1475,i0cSNWX6GdElYbpR,没等到2018款大改款出来再买会后悔得不要不要的，鹰眼，内饰，噪音，乘坐舒适感，音响全面提升得太多太多    ,舒适性,1,提升太多
1486,pvyc9VwrkgbmXKE4,最大的区别是森林人FB发动机烧机油、爆震、风噪大、内饰简陋.......，这些神行却没有,舒适性,-1,风噪大
1505,K9LPZOENYnyvzRHm,主要还是买车时太急了，没看，之前看好傲虎，最后还是注重了内饰氛围和舒适性，不过让我重新选的话，我会忍痛放弃科雷傲选森林人，毕竟新科雷傲真的是好车     ,舒适性,0,
1527,Um8ohtAvDsfjipZN,果断退！森烧机油内饰差配件贵皮薄漆软导航山寨没后出风变速箱啸叫！,舒适性,-1,
1558,FqHsWNYQaylnd82A,内饰差，噪音大，皮薄漆薄，烧机油，全时四驱油耗大，4AT太简陋，CVT太娘…暂时就想到这么多,舒适性,-1,噪音大
1564,Rf38m1BdtXxYoHaC,城市拥堵路况，昂科威1.5T会省油一点，内饰、舒适度也是昂科威的强项，但是它的精华款是2.0T的，与凯迪拉克同款机芯，美国品牌车重，要动力必需2.0T，当然价格也很美观。缺点么，1是外观不年轻老气，2是叫啥销子的质量隐患，有断轴风险。从楼主描述来看，天朝特供的昂科威更适合些。,舒适性,1,强
1615,dY8yvKlsITNVZ5q2,16款2.0，今天跑120时感觉不错，动力没问题，车噪音不大，感觉不错。省油安全都合适，不想省油增加些动力就改成S模式，动力立马变强。2.5应该比2.0费油，家用上下班偶尔出行自驾游，2.0没问题！,舒适性,1,感觉不错
1629,ENlwMAzKHonOmQfc,动力，隔音，做工，挣眼说瞎话    ,舒适性,-1,
1638,Hdhbe9jMSPRsltgT,谢谢兄弟的信任！买车，别人的意见可以参考参考，主意还是要自己拿。我也是听说2.5的烧机油。我的2.0目前没发现烧机油。动力嘛，刚好够用，推背感不强，因为我的是手动，技术又一般，换档有时会一顿一顿的，我不深踩油门，转速不超过3500，油耗7.3左右，用95#油，平均0.51元每公里，比较满意吧。不过，隔音是差多了，比十万出头的朗动差远了，但上了高速后，只听见风噪，在能接受的范围内。    ,舒适性,-1,差多了
1645,qazZV9u4NIrRQO3i,顶起。垃圾石墨烯油，噪音大，油耗大，不到5000动力衰减的就很明显了,舒适性,-1,噪音大
1701,tkBdNXvhKJnVxwFH,2.5的在市区行驶和2.0的区别不大，但是高速上就不一样了，2.0的后段提速乏力，还有就是满载爬山的时候2.5的比2.0的轻松多了。外观上2.0的是用的2.5高配的獠牙脸，18寸轮毂，有尾翼。但是大灯和c型示宽灯都是卤素光源，没有随动功能，看上去很挫。2.5大灯的是led远近光一体 led示宽灯带随动。另外2.5的多了副驾驶电动调节，和后排座椅加热。    ,舒适性,1,
1708,GHoz6lknY0y14qVf,壳牌很好，我现在就用0w20极净超凡，噪音确实小，而且油耗更低了,舒适性,1,噪音小
1711,hv12T7SFUPbENJc3,30万的车没落锁，异响，烧机油，国产中控，垃圾的音响，只有2.5有一键启动，斯巴鲁的安全科技也没有，醉了    ,舒适性,-1,异响
1715,aFWfvMTRZesKcG7w,我基本是七千一保，但六千左右就感到发动机声音很大。拉出油尺看那油太稀了，象水一样。 现在有点犹豫，要不要还是五千一保。 或者是自己买机油，深圳4S不让自带机油。又不太想在外面保。小麻烦。,舒适性,-1,声音很大
1731,x2to8H1wSsKyl5JE,这车怎么样。都说静音差。真的很差吗？2.0烧机油吗？    ,舒适性,0,
1740,v0D4hksVleuba6BU,贵个几万也就算了，这质量真tm够了，别的车被投诉有异响，轮胎不好，导航不行，窗户漏风，变速箱动静大，斯巴鲁的投诉都集中在发动机烧机油，漏机油，但实际上开斯巴鲁的都清楚，异响亮和变速箱声音大这些个东西是车主已经不计较了，要是计较这些问题都是槽点可以投诉,舒适性,-1,异响
1751,CQLPYUZFWvDITHni,美图！用这个顶架带备胎，风噪和油耗如何？    ,舒适性,0,
1873,WNuwi83FxKbaEGVy,除了耐用性不好讲，因为这之家坛里几乎没有人有长期使用rav4、CRV、森林人三者的体验。至于说舒适不如奇骏、越野不如指南者，加速不如cx5快这三点的人，对于一个自称森林人是其人生中第一台车也可能是最后一台车的人，根本不值得去评论什么，或许键盘都比他强一点     ,舒适性,0,
1874,i1t2OU8yWHnZa5CP,森林人偏越野，傲虎偏舒适，试驾一下，哪个舒服买哪个,舒适性,0,
1876,felvZwmBpGbFt5Wz,区别最大的是舒适程度和品牌知名度,舒适性,0,
1877,uyqxzh8WABj4k1JP,哥们，你换完防倾杆舒适性下降的多吗？钢喉对刹车效果提升大不？    ,舒适性,0,
1878,aLKYOSjTbZryHxh5,头枕确实不是舒适性部件，而是安全性部件,舒适性,0,
1879,ExzWrqgamXycZDHe,就昂科威那货也买，就真是小白一枚了，不怕脱轴么？森林人固然不是很舒适，但是其他方面很强，绝对拿的出手。    ,舒适性,-1,不是很舒适
1880,HnXzI0lYfVB5sWGS,2011款舒适版奥迪A4L换吗？个人一手车，无事故无补漆！    ,舒适性,0,
1881,crixGEKMBe2y1S4w,傲虎在隔音、舒适性上比森林人有提升，如果很迷恋斯巴鲁的话可以看看傲虎，但首先要知道自己为什么喜欢，别听那些扯神马情怀的……   ,舒适性,0,
1882,P7qw2HYJ69olCbpy,你想早点换胎可以不换，也无所谓，但个人觉得要换，换过可以提高使用的舒适性、缩短刹车距离，延长使用寿命……,舒适性,0,
1883,dBa6K3skpRn8lmGE,比我以前来的广本好的多 舒适度 极速过弯 还有同级别 绝对没有的四驱系统 水平发动机斯巴鲁 绝对不会后悔的,舒适性,1,好
1884,4dPUkeOfCqM6cTxj,看了下楼主发的帖，轿车考虑：大众CC、雷克萨斯ES、奔驰C200，SUV考虑：宝马X1、奥迪Q5、森林人。不去轻度越野考虑舒适的话，建议你奔驰C200和Q5两选一，都是2.0T，9AT和8AT变速箱，逼格满满的两车啊，其中面临换代的Q5的优惠那是相当的诱人。,舒适性,0,
1885,hL3QfePUFA0prEv4,觉得舒适性不怎么样，比较颠簸    ,舒适性,-1,颠簸
1926,Ss7AmUjZxdqHDpQ2,发动机的噪音我倒不太关心，不过肯定会有点影响，但隔音的做法又不一样，隔音最好是一软一硬两种材料，部位也太不一样，隔音还要更多地考虑发动机左右两侧。   ,舒适性,-1,有点影响
1954,kcgt4GfhTFOp1reZ,刚启动混合气浓度不准，发动机和三元工作温度都不到，肯定有味儿。,舒适性,-1,有味
1959,eWsJV9tmKMorzkfd,不知道傲虎比森林人是不是好点，我是说噪音，还有这个噪音是隔音的问题，还是发动机的问题?   ,舒适性,-1,噪音
1968,FURQDu3atlyG2P7f,我的也会，重起会熄火。在重启就发动机转速低，  在重起才正常，  好像是停车了车内空调没关耗电问题。关了空调启动就不会。 电池博士的  看电池显示蓝灯 健康状态。,舒适性,0,
1977,cdVHPuIb1sgLaY7q,家用足够，飙车差劲。噪音较大。,舒适性,-1,噪音较大
1980,hnM6zSiVpfaP5kme,今天看的车，16尊贵，落地316300。没一点儿商量余地。坐标大连。准备放弃。顺便说一句，试驾感觉噪音偏大。    ,舒适性,-1,噪音偏大
1981,fW20zZnpTyeYUkVJ,开了近两年了，都是正常保养，除了有些异响，高速噪音大，真没遇到什么毛病，更不希望有毛病。楼主到底有什么毛病，请说清楚点，让大家看下是通病还是偶然，不能上来就说些让大家莫名其妙的话。我的观念是是车就有毛病，既然选择了就得接受，如是通病，只能说没做好功课，如是偶然，只能说运气不好。,舒适性,-1,噪音大
1982,lsW1xyGQOvd8CRiI,我换长城0w20已经快半年了，绝对比我之前的安索要好，是不是我买到假货安索了。而且冷启动噪音并不大，地处南方，温度低的时候不多,舒适性,0,噪音不大
1983,Of1mvjbB9pW2y7MC,荣放噪音不行，80后脑袋疼,舒适性,-1,不行
1984,ZJRHWrazoEeS91C5,高速上跑起来哪儿都是噪音，再好的音质都糟蹋了。   ,舒适性,-1,噪音
1985,CrFh9xjXdIqAfEYD,我也在考虑要不要全车隔音下，我对开车听音乐需求特别大 我是16款的森林人，感觉100的话噪音有点，但没楼主那么严重～,舒适性,0,
1986,OeNZW84KLzqArFoc,不完全是胎噪，主要是低频噪音。    ,舒适性,0,
1987,cqW8uUefywPI7sV0,肯定比不过速腾的，速腾后悬架断了也没事只是会发出警示性噪音提醒车主。    ,舒适性,0,
1988,gJo8YV3ZftlHQzDh,本田噪音都属于控制的较差的    ,舒适性,-1,较差
1989,a6RqJoyXYSAc54lF,现在四条都是倍耐力蝎子胎，规格和原厂一样的，铺装路面有毛糙的话噪音会较大，其他方面很好,舒适性,0,噪音大
1990,ib1xhe6dVYSk4JDA,应该是第一种，功放声音不敢放大，有噪音    ,舒适性,-1,有噪音
1991,YBium5jhNdK23zTq,140，但是噪音太大了。,舒适性,-1,噪音大
1992,9xOXzQFtelu12dmf,途观开起来没有这么大的噪音。    ,舒适性,0,
1993,C7vh1VyLcjW4P3Kl,前辈，森林人的高速噪音真的很高吗？、 我坐过我朋友的奇骏，高速后排噪音特别大。   ,舒适性,0,
1994,VhtunqpTJwLK6Rcl,LZ，你在哪儿做的？我也想做，噪音受不了了，2012款的开了4年了。也在北京~   ,舒适性,-1,受不了
2004,pQso4vER9F5Mw7kW,20年前国内满街山寨假货的时候，这句话还有点道理！放现在来说，满街的国际大厂和大品牌出品的车载香氛产品，从安全到气味都有足够的选择，我觉得还抱着谈香色变的态度其实真没必要了！认准大品牌，其实没那么多危险……   ,舒适性,0,
2006,UsxlJPmVNgzr5boM,随速助力，绝对是保障高速安全。高速没有急弯，基本不需要太大的转向动作，不明白LZ为什么会觉得转向累...有可能是座椅没调好，手臂力矩不合适,舒适性,0,
2018,gjVBZ53fOE2wCWax,13款还没有国产的，我在4S才换好一周，4900元包括所有费用。就是TMD味太大了，开了一周的窗还有味。,舒适性,-1,
2019,A5q3vDzkGoc6gs8P,2017特装棕内味特别大 皮质感觉不像国外产品 看后觉得不对 还是16款吧 至少没味,舒适性,-1,味特别大
2020,eyzuRSYnLv9FTsoA,嗯。感觉似的，若有若无，也不是一直有味道   ,舒适性,-1,
2021,wsUF8Leb4H3G5KvN,一般不用，除非车内异味严重。我一般用夫人用下的香水，打开或者半开即可。1、（夫人不用，丢了可惜），相对品质肯定比几十元的车载的好很多。2、关键不小心由于某种原因，导致自己身上有香味，自己由于1、的原因，也好解释。第2点，懂的人自然懂。,舒适性,0,
2022,hT97EyAlwcOYWX1Z,不推荐，外面卖的车载香水基本都是化学易燃品。若车里有异味，可以放点橘子、哈密瓜、苹果、柚子、菠萝等水果，果香味比化学品健康多了！    ,舒适性,0,
2055,zBQCxdNwbfyME3kT,森的空调是恒温的，也就是说如果探温到外面16度，你设置25度，是感觉不到有冷气，除非你自己手动调到22度以下才能感觉到冷气，室外温度达到21度以上才会变成吹冷气。,舒适性,1,恒温
2070,bdaf6CWRK0FAHsOU,确实是空调扇叶的声音～,舒适性,0,有声音
2087,IaqNSnWcY5LEioGj,当然是太阳暴晒下，没有1小时空调是打不下来温度的。确实这空调不咋样呗   ,舒适性,-1,空调不咋样
2104,sUSPrlMI62f179J0,之前坐过一次轩逸，人家那空调真是冷啊，冻的我印象很深刻！,舒适性,0,冻得
2124,1HhPuO8AtsMcfa4q,我都是D档自个走了才跟油，车熄火停哪开着窗估计就没噪音了，还有嫌弃开着窗噪音大的...,舒适性,-1,噪音大
2149,FvJX8fmLuNwnK5kb,冬天启动车以后有变速箱保护，大概三到五分钟车热了才解除。冬天前风挡的雾气可以开空调试试，或者打开车窗一条小缝。   ,舒适性,0,
2171,XOZlTPFrivL1A9go,森的保养分三种。基础保养，如果跑的多，在四儿子做一次500出头可以接受。专项保养，譬如换火花塞，还是在四儿子做比较保险。非专项保养，技术含量低，自己就能搞定，例如换空调虑和空气虑，自己搞性价比高。而且质量比四儿子好。,舒适性,0,
2174,zqPpoGyY4wd0mTlI,5楼说的很对，翼虎空间不行。建议楼主还是再攒钱上2.5的，你要自驾游上高原还是有衰减，或者满载空调等情况都会发生，动力为王是真的。,舒适性,0,
2249,cu9mHXhbCeo3Ai5p,知道啊，20多kg，半箱油的重量而已，百公里油耗增加0.2最多了，一年我开2万公里，也就40个油。我觉得非常非常有必要，因为对这个噪音已经烦透了，现在耳朵舒服了，音质享受了，用这点钱提高了行驶品质，为啥没必要？    ,舒适性,-1,噪音烦透了
2258,YcLmz3FiIpHMxV1w,15年去青海甘肃开小森，就被高速上的噪音弄的耳朵乃至整个脑袋都不好了，16年再去，哪怕A6l通过性再差，我也选择轿车。那一整天高速跑下来感觉好多了。   ,舒适性,-1,耳朵不好了
2269,RAwEh6CrBTgnG8qI,这个兄弟说的都是实话，我原来装的十件套，基本关于悬挂的部分都拆除了，车身加固件还留着，走烂路太颠了，反而是原厂的设定全给破坏了，当然只是高速路上性能提高了，有这些闲钱不如加桶好机油来的效果好，去高海拔需要动力，推荐美国那个品牌的吧，跟你的思路很对头，高转速动力声音保护都很好，就是怠速噪音有不像是全合成机油   ,舒适性,0,
2272,AB4vENb1pXFGZRI6,正常，这个轮子是空调压缩机的轮子，空调压缩机工作是有间歇性的。,舒适性,0,正常
2274,ySGIROzVldiFYM3T,噪音有二种。一是胎噪，在轮眉要一下隔音。二是风噪，风噪有很多地方最重要的是大灯上面有条缝，可在网上再大D的胶条把引擎盖贴上，风噪小很多。（一般我不说的）,舒适性,0,
2289,UGn6kgcal1YisrQz,感觉发动机动力好点，噪音比以前小一点点（可能是心里作用），但是至少我自己心里放心，比4儿子店用的大桶的放心多了    ,舒适性,0,比以前小点
2302,aMZeGlEUKf0pNzOB,也出现过，感觉跟我开空调有关，再就是有时候脚累了稍微动了一下,舒适性,-1,音响太差
2304,c97sQX4VwKO0FfzB,见我另外一个帖子，有买车过程，车子开的很爽，方向轻，反应灵敏，加速不错，空调凉。现在不好的方面就是起步比较窜，刹车软，油耗在市区要13个，最受不了的就是音响实在实在太差，下周换了它。还有隔音差，喇叭滴滴声，太次了，感觉就是在车内响一样。,舒适性,-1,隔音差
2308,3cXUeqiQJ1v2Ma5s,还是正常的保养，机油机滤和空调滤芯空气滤芯这几样，没有什么特别的了，不差钱就给发动机做个积碳清洗,舒适性,0,正常保养
2311,E9nMke1UwyGDopZS,机油机滤，之前要是没换过空滤和空调滤芯可以换换，空气好的地方这两样吹吹等2万换也凑合。,舒适性,0,
2315,VAr9bPsN3ljpgiDF,2.0 上周末来回将近500公里高速平均130km/H 满载全程空调，油耗8.8,舒适性,0,
2323,EQp4HYDcNunBIS57,发电机不会像空调压缩机那样间断工作吧，发动机工作，发电机转动就在工作只是怠速电压12v，电压随发动机转速提高电压也升高，但最高也不会超过14.5v的额定工作电压。向不向电瓶充电由电脑调节。,舒适性,0,
2324,CwEpP64exJXsycu2,无论怠速还是高速发电机都被推着发着电的，用电设备越多它的负荷越大，相对于空调压缩机，发电机的耗能简直可以忽略不计。,舒适性,0,忽略不计
2326,IgSHklnJTwqO9Ri8,开过小排量的车的人都知道，开空调开车和不开空调开车动力表现可以差非常远！ 空调说白了就是发电机的电而已，开空调导致发电机需要全力工作，因而可以吃到发动机十几二十匹马力是很正常的事情！ 所以现在有很多车设计成深踩油门，行车电脑会停掉发电机保证车辆的动力输出！ 所以深踩的时候后电压会掉下来，因为发电机停了，原因就这么简单……根本不能算问题……,舒适性,0,不算问题
2327,KmedVUFubBZnTj5l,我的是开空调时空档偶尔抖动,舒适性,0,
2328,zlYhDgFjEuKkQxyH,空调随便你怎么吹，屁股和内心都是热的，还凉不下来    ,舒适性,0,
2331,L4foClBd1IpqtiVW,贱吧喽嗖的的空调滤和空气滤不知道用着成不。,舒适性,0,
2333,Bt9kSh01zNT7prnC,09年10多万公里车了，噪音大点正常。建议你把底盘胶套、全车油水、四门及窗胶条换一遍，噪音会改善很多。    ,舒适性,0,正常
2335,d3PvXmJIOanwVsyh,09年10多万公里的车至少是上一个款的车型了，噪音大点正常。建议你把底盘胶套、全车油水、四门及窗胶条换一遍，噪音会改善很多。    ,舒适性,0,正常
2339,MJcgolKBb7kZEp4W,发电机跟空调有什么关系？不理解，发电机所耗动力可以忽略,舒适性,0,可以忽略
2343,th7BaOUp63NwFAIM,个人感觉发动机提取比之前快多了，噪音小了点，就是刚打火的时候动静比较大，但是转速比以前降下来快，但我不知道为什么排气管有点黑，我一般都是加91号的汽油    ,舒适性,0,噪音小了点
2344,D92PpGEwJbSIOlXA,这个不是空调就可以的吧，屁股和背心热。特别是早上起来坐上去冰凉的，再出门就算大太阳，也不会像座椅那样坐久了背心出汗。    ,舒适性,0,
2345,JSqIdV5cl7HhPZvm,正常，空调的排水管就在右侧控制臂旁边固定的。滴水现象证明你的空调制冷效果很好。    ,舒适性,1,制冷效果好
2368,MShCxL7g9ZelNIPi,我首保后就在外面弄了，小保养机油5夸脱400元，曼牌机率56元，共456元。空滤空调滤合计125元，曼牌和博世组合。,舒适性,0,
2385,rJkeOn4GYLq0j9pA,多少有点效果，低音调整到一半左右，音量大点，能掩盖一点其他噪音,舒适性,0,掩盖噪音
2391,HaEILivK7CursRog,哦，看错了！应该是11款，后视镜带转向灯！但是空调按钮又像09，10款！    ,舒适性,0,
2400,6oCcPTsivIw1gSdr,还可以 就是动力下降比较明显，油耗好，发动机噪音变大    ,舒适性,-1,噪音变大
2402,FXkUQow5B4sq1GYP,用好的机油，再加瓶发动机保护剂试试，或许噪音有所下降的,舒适性,0,有所下降
2406,1AMbcz9tpnaxvWKk,恩，开空调滴水，望采纳,舒适性,0,开空调滴水
2407,YrRmuN1E5iHXQIl2,要是有泄漏的情况空调管路里是放不出来冷媒的，一定要按照原厂规定的加注量充装，空调排水管在右侧下摆臂后面，空调工作几分钟就会有滴水现象。把蒸发器和水箱好好冲洗一下，原厂的要是没动过问题不大。    ,舒适性,-1,滴水现象
2413,J4vYqjXNFnWPQZlu,空调只能说是一般吧!和捷达比还是差了很多,舒适性,0,一般
2414,U3k51Miyj6BODltY,空调是很冷，但是大夏天，感觉头顶和前面还是有点热；感觉颈部以下冷，上面热，不知大家的如何？,舒适性,0,很冷
2415,ahE0JH3M2w5mFSTW,从冬天开到夏天对森林人最大的吐槽就是空调（冷）太不给力了，么有对比就么有伤害，我的标准是要冷不是要凉......哈哈    来喷吧 说我咋不坐冰箱里呢,舒适性,0,不给力
2423,X1IGuM3bO5kAtLEg,空调压缩机，温度低于5度时它就停转了，一会又启动了，这个也是为了节能，正常,舒适性,0,正常
2426,qC9LAi6pwdxUvXP2,自由光油耗确实高，车太重，同事四驱的1.85吨，比沃尔沃XC60都重，跑高速都是8、9个油。开过几次，最不能忍的是变速箱太差，一脚踩到3000转不换挡，据说要先轻踩一下，给个信号，再往下踩才会换挡。唯一的优点就是地盘好一些。噪音方面，主要是小森的发动机隔音太差，克雷嘉都好很多。    ,舒适性,-1,隔音太差
2432,MWJou75BIkXAODTl,美孚机油本身缺点就是噪音大    ,舒适性,-1,噪音大
2438,a2k6Mth9sc3PDodU,这车空调运转五分钟趁我瞬间变冰箱,舒适性,0,变冰箱
2440,xWPvCqp58Jo6cEN3,我和你有同样的问题，我现在的结论是等待买2018 2.0XT（但是据说没有ES，因为怕太贵了没人买？）不知道定价策略，我的理由是：2.0XT的估计不用担心烧机油，没有自动启停，动力去高原会好于2.5，2018的据说噪音会好（美国网站）等。   ,舒适性,0,
2454,wv4LMme67KpT0BhH,2.0特装，空调确实不好。但是，可以忍受。,舒适性,-1,确实不好
2458,OvLk2M95xVQ6nsjP,温控器一般不会出问题，空调只要正常发挥制冷效果就没问题，空调压缩机有间断性的工作就是正常的。    ,舒适性,0,正常
2465,6g9zEnXYvWxiylp0,我现在用的力魔0w20，自我感觉还是不错的，发动机噪音下降，车子油耗下降。每次保养前加一瓶力魔发动机内部清洗剂。保养完後加一瓶雪弗龙汽油添加剂......算下来好像没比SSSS店省钱,舒适性,0,噪音下降
2489,qn9pcJAhkzg1xa7Z,发动机烧机油好比空调的雪种，为什么空调的雪种要过段时间就要加，同样不是说不会消耗吗？我觉得一点都不烧机油的车是不存在的，适当去保养就可以了。没必要说得烧机油的车就不能开一样，大众集团的哪一个车没说不烧的？,舒适性,0,
2499,5NiRp03BCso1fwLW,另外就是噪音，楼兰的声音也不会比森小，我个人感觉我森还要安静点，因为他的楼兰买了快三年了。反正车内听发动机声音不会小，包括我发现福特探险者的车内发动机声音也不小。你买楼兰不如买汉兰达，锐界。森车小一点，更灵活，不过车内空间不小。    ,舒适性,-1,不会小
2523,cVH0ZqK6MD1x4kaF,我跑高速150码转速基本上保持在2500左右（末上牌，超速的不用管，真省心）全程空调，油耗8.1，如果开120码左右，转速就不会超2000，油耗在7.2到7.5   ,舒适性,0,
2555,lpJkwoiZeGKyX3HT,3年了， 5万公里 碰到过的问题有底盘漏油。风扇 空调不值冷，传感器。节温器。除了传感器在保内换的。其余自费。今天才去看的传干器，要2300多，也是无语了    ,舒适性,-1,空调不制冷
2563,d1aMyqBwxCu2SfEg,很低的油耗了，全程还空调，看来95确实比92经用,舒适性,0,
2577,9AUut8NLn5c4zxIM,感觉很好，几天跑了380公里，开空调油耗从26.7KG降到10.2KG，50公里高速其它市区，满意！！   ,舒适性,1,满意
2578,1zmvGy0JUxoXPk2Z,森林人09款2.0，基本上和你一样，今天到4S店检查不出来，说有可能空调温控器出问题。     ,舒适性,0,
2585,4gdy6GI9NlTsh8Sk,用了SF+EDFC Pro 2年，可以跟楼主分享一些体验。缺点: 1.车身高度会降低； 2. EDFC的步进马达在工作时会有噪音;；3. 后轮下搖臂要替换；4. EDFC工作參数的微调所花的时间。优点: EDFC动态调整减震的软硬，可较原厂的更舒适，也可减轻在弯道和高速变道的侧倾；前提是你对EDFC工作参数的设定。,舒适性,-1,有噪音
2595,cvpd2AV7ylg1bfQt,和速度有关 速度快噪音大 应该和轴承有关 轴承方面有问题 可以问我    ,舒适性,-1,速度快噪音大
2601,u4M8ZvKEDQYFRIjO,13款2.0，5.2w公里了，索赔了主副驾驶的座椅座垫的皮套，右后侧内饰板，空调泵。 方向娘胎出来就是偏的，做四轮定位也没用。,舒适性,0,
2619,jKtNmAnBeDYWuCy3,我的200块，在市区开空调才跑250公里，省点得270公里,舒适性,0,
2622,rXePg8AT7vnuM2Iq,换机油，机滤，空气滤，空调滤。其中空调滤和空气滤购于TB，机油机滤到4S换。,舒适性,0,
2625,klnMJtA0623TeZmD,长城0-20，好用，噪音大，衰减快,舒适性,-1,噪音大
2626,acnjp6sXVHqyZGDl,我加的5w30，今年夏天开空调9-10个油    ,舒适性,0,
2629,4XDfizbKale1M37n,按照你目前的开车情况，首保换机油后可以跑到550公里。我新车现在大热天全程空调外加自动启停关闭，现在一箱油只能开400公里出出头。   ,舒适性,0,
2690,msRZMDiV3zY0BPuS,13年2.5自动豪华，今年五月短途郊游时前胎被扎破，继续行驶约100米后发现，轮胎已废，途虎入了两条国产横滨换在两个前轮，花纹型号一样，速度级别第一档，行驶约2000km，无异常，路感与之前进口原装胎基本一致，噪音、油耗基本无变化,舒适性,0,无变化
2695,nLtACFOb56z2NKQP,我就从米其林换成了邓绿普的公路胎，4条胎价格两千多点，噪音没啥变化，跑公路没问题，长途自驾没问题，雪地穿越都用的它。很满意。   ,舒适性,0,噪音没啥变化
2708,Jguqk3iVPsdrxcC0,这个有好处，一是方便安装，不破坏原车水路，二是可以相对灵活控制，冬天可以关掉 不好的地方可能是，对电瓶可能不太好，多了一套电路和水路，还有温控，这些在机舱里面环境有点苛刻，需要定期维护。 散热貌似效果很好啊，我原来以为如果单加套循环水路，至少还得再加一个散热风扇，如果合并到原车那里，在堵车时候就得一直开着空调吧， 以上是个人观点，如有不对地方多多批判，楼主动手能力还是相当强大的，赞一个,舒适性,0,
2711,roncKhWe4itRHmML,2.5的低配版相比2.0高配版，除了动力加大，还多了行车电脑彩屏，多功能彩色显示屏，副驾驶电动调节，后排座椅加热，方向盘加热，驾驶座椅记忆，LED灯，大灯转向，大灯清洗，后视镜记忆，分区空调，仪表盘也更漂亮。,舒适性,1,分区空调
2720,lptqTVwnirvUo3ad,新胎肯定噪音小嘛，一个橡胶软，二个花纹深，性能处在最佳阶段,舒适性,1,噪音小
2722,eDB2JYd5HK0TcrFb,夏天开空调差不多13左右,舒适性,0,
2731,nvDIXszoT8V2cEl5,整体不错够用开空调没劲,舒适性,-1,开空调没劲
2744,fM7Xt9x3wqbazZuo,我两年前也让夏天的雷阵雨霖了半小时，天窗开了10公分不到点，地毯上一层水，变速箱挡杆都是水，后面水杯架盒内满满的水，前排座位也吸足了水。擦干开冷空调，再开前批电加热，关紧下窗，开一点天窗。 不过我的车现在还有霉味。,舒适性,0,
2746,QOTZEPq89bt4uDr0,需要！我跟你一样的。首保后就不要去了，自己买机油，空调滤芯，空气滤芯，机油滤芯，然后自己换就行了。跑的少的别担心什么质保了，打死你也跑不到他们要求的运行期间。老老实实的学学怎么养护，自己搞就行了。,舒适性,0,
2786,nGf7ZusCcVlOW6QE,lz说的视乎是舒适性。,舒适性,0,
2800,ShyXZGneF4LlJD6H,舒适比不了轿车，不然不叫suv了。这这个东西比的是对你适不适用，普通家庭，皮实耐用，偶尔钓个鱼摸个虾，适应一般路况，就好了。有钱买多台，在长途公路轿车最舒适，多贵的高底盘车都不如轿车稳，一台越野，偶尔野一下。,舒适性,-1,
2818,8Vxli2vCJyokYtzd,你森林人2.0t和他们比还差不多，动力操控和越野都比他们强，但是减震舒适就比不过了。但是crv顶配比这两个顶配要便宜很多。    ,舒适性,-1,比不过
2836,S3db0m1sCz2WEgRh,听说2019款很好，不烧机油，噪音减少，空间变大。,舒适性,1,噪音减少
2853,1rb0xBFfuwapJlho,噪音大不？油耗增加吗？    ,舒适性,0,
2871,ysuTCKDM6FdZfAlo,森林人，操控性好点， 傲虎，舒适性、豪华感 看你中意哪样，选择 （我刚刚贴的 林拉公路的路况图片飞了？？？再贴一次） 下面是2018春节，拉萨到林芝 来回，过米拉山口的冰雪混合路况，此时，操控是王道，音响差、内饰不好等等都是浮云，，，,舒适性,0,
2885,I9KpUw2PCQRF8rkE,另一个帖子问傲虎和森林人的该不会也是你吧，好像都是去过西藏啥的嘛，看到X3我觉得可推荐的就多了，陆巡和霸道，别想了，这个级别里从保值耐操舒适和保养费用，基本算是无敌了，就是买车略贵点,舒适性,1,
2925,BRCVJrsc7ENzjTuD,这东西只能看你对动力有没有什么需求了，一般来说新款车型总要比老款车型，在配置舒适性上要有点提升的,舒适性,1,有点提升
2932,KhmX36weqrRWUjzS,你把森的底盘加强件都装上，调的底盘跟石头一样硬，然后和cx-5去比比看看。森原厂就没有按照纯操控调教兼顾了一些舒适性，但是森有酷似狗改装件。马自达那种出厂避震就很硬的车，原车状态当然比森强一点。我单位同事买的cx5，我自己是森林人。    ,舒适性,0,
2948,O1fuTCg7DqtFGJcj,奇骏没Eyesight，视野差，味道大，但是便宜啊，特别是保养维修，估计比森林人少1/3。油耗堵车可能相差不大。日产的的CVT变速箱起步顺滑，有种佛系的感觉。   ,舒适性,-1,差
2954,fmiGPdokaYAxZg5K,如果经常走烂路换了没问题，舒适性影响不大，噪音略有增加，油耗增加1升多吧，如果市区，我还是觉得原厂横滨挺好，省油    ,舒适性,0,
2977,xBiRZzj5adUpnCM4,我换了马牌，价格和原车差不多途虎上可以比价，目前看了2万多，说下感受，第一舒适性提高很多，静音效果好，不这么夹石子（很少听到石子哒哒哒的声音了）第二，操控性还可以和原车区别不大（经常60左右过弯不带刹车）第三，油耗主要看路程和驾驶习惯。缺点，耐磨性能差（和原车比）。你可以参考下CCCLX2 225-55-r18 98V,舒适性,1,提高很多
3000,RkhNzdcueZ0UIn5L,两个车都符合你的要求，傲虎空间大点，森林人通过性好一些，但内饰和舒适度差一点，两台车都挺糙的，跟bba没法比，年轻点的选森林人好一些，傲虎更老气,舒适性,-1,差一点
3003,rPegCmf7IVEbA8wz,要面子与科技感选 林肯MKC，要舒适实用选森林人。MKC后排座3人时太不舒服了。,舒适性,1,
3013,fSRiQHb3rou0W7C9,都可以，傲虎舒适性好于森林人，底盘高度都差不多，但森林人视线和轻度越野更好。,舒适性,1,
3029,xKuMyLNO8Imgqs3f,当初选的boss9喇叭的剧院版，没有esp，日常用没什么问题。换了215 65 r16的suv胎四季胎，晴天抓地力一般，经常转弯补油响胎，到了雨雪天气没有esp反而更好开。天籁的空调连a6都比不了，30秒冻鼻子，1分钟冻脖子。轴距限制后排空间没有新款的那么大。    ,舒适性,-1,
3082,gwjxGFfDpVab52XZ,放的太大了。影响舒适性，颠坏了    ,舒适性,-1,
3115,gWrKAD3Zkd1FHiGY,一直用美孚EP520，综合性价比是高，噪音是有点大，但是动力不错,舒适性,-1,噪音大
3150,hunNPWxRzpIv8DCr,看起来外观大，但是内部空间不大啊，但是座椅比较厚实，坐着舒服，高速巡航一定很舒服吧   ,舒适性,1,舒服
3173,EtUSynbas0pw17YG,我的xv十几万公里了，也不见烧机油，水平对置发动机，油耗低，噪音低,舒适性,1,噪音低
3182,Sph6u37jJ8KzycaZ,18款 非常舒适  开的是AUTO,舒适性,1,
3203,5hKcW1BIrogldxm4,森林人操控感可以，因为发动机重心低，偏轿车范儿，但是隔音差些，毕竟玻璃大，底盘高；试驾出真理,舒适性,-1,
3222,dB4GpbLq5af3ZvcX,车辆的内饰、空间、动力、舒适度这些个人感受很主观的，说出来也没有什么意义，每个人的感觉都不同，要求也不同.最好还是自己去试驾感受一下,舒适性,0,
3256,3TGfCaUBcXIRpoWD,17年6月。三万公里了。我觉得任何车你使劲操都不行。但是有一点你得明白。斯巴鲁并不是传统的日系。比如两田。它既然在追求性能跟操控了。必定在耐用性以及舒适性上不如传统日系。我买这车就是为了它的通过性。这车可能做不到开到烂。但是它给你的乐趣是两田给不了的,舒适性,-1,
3265,dN10ErcuspLOZTXn,xc60还是别和小森比操控了，斯巴鲁完爆沃尔沃 不信自己搜一下这俩车的麋鹿测试，沃尔沃惨目忍睹， 小森这级别王者 xc60舒服是真的，所以我移植了它的座椅,舒适性,1,
3289,wNgP7RpCtS8IhXUM,同事刚好提了一辆2驱的，除了外观，坐上去车的内饰塑料感比我14款森林人还严重，味道大就更不用说了。,舒适性,-1,
3345,7BGeuYPSEf2ZVsnQ,价格毕竟也摆在那里。再者，一个商务旅行版的，偏舒适。一个是运动型的，偏硬朗。,舒适性,1,
3367,GSzE6HpAV3IeXFDP,rav4我也开过，视线差，味道重，更谈不上操控，开过森林人之后再也不想开rav4,舒适性,-1,差
3382,upOWJkNURPmdAzcn,上班用，刚换的米其林，静音舒适,舒适性,1,
3391,OitNW8Qonq4vjJEe,冷启动和大油门发动机声音明显安静多了，提速更加顺滑    ,舒适性,0,
3397,AcTdQLGorxqBseim,怎么个异响声音呢？是咯噔一声么？,舒适性,0,
3406,n5l1pFdhVfbuCetM,隔音是还行，就是急加速发动机嘶吼声音大    ,舒适性,-1,声音大
3411,83rfEAMwJ0T6bkcq,我换了电装的，4S给装好了，声音不错,舒适性,1,不错
3417,I6z3bcLux5WhEOHd,我在淘宝买的日本代购的原厂蜗牛喇叭，换了以后声音很不错，有力量，但是又不是特别震耳。,舒适性,1,不错
3419,hL2WtGZ3oyPdg9aN,冰箱，洗衣机都是西门子，空调必须大金，电视必须夏普。,舒适性,0,
3423,tE3uhTQRcYDw6qz9,说实话，我还真喜欢加速时发动机嘶吼，觉得特有劲，忍着点吧，只能自己客服它的缺点了，30万的车，也就这水平了，和轿车比不了    ,舒适性,0,
3427,ADa45WG9CirskTHt,诺记轮胎，我在等。要不一起等,舒适性,0,
3431,QboNZVzmhUp6EBfx,发动机噪音无解...我做了U型槽和防火墙隔音，算是武装到位了吧，噪音还是依旧，难道从底盘传来的？,舒适性,-1,噪音依旧
3436,VUTQ1PpqDfCuvRZA,天气冷或者热，空调需要大功率工作时，系统都不会启动的。,舒适性,0,
3439,87LjQRArq0MziEc2,没事 我的伤比你重 都4年了 没任何问题 轮胎没漏线就没事,舒适性,0,
3441,mv43Edw6KqlHj9g7,换轮胎就可以了，轮毂拿去修复就可以了,舒适性,0,
3442,xBPQ4H2hqfeakt6z,哎……腰一有问题人就变的矫情了……确实对坐姿座椅要求比较高。我的小车主要是座姿太难受……我个子又比较高……    ,舒适性,0,
3444,LYDe7CN5KBE1hcw3,是按那个set就可以，但你不知道哪个轮胎？具体的准确压力值，这个就解决我的问题    ,舒适性,0,
3450,l8NpOJ16Xawcqu2K,把车座拆了，垫子拿出来，清水多冲洗几遍，在太阳下彻底晒干，一定要多晒几天，干透再安装。去年我的车被水淹，清洗后安装，没有异味。,舒适性,0,
3452,ocyzW98gvQONnuGD,排水性没原车好，偏硬，舒适性特别是冬天会差点，但泥地抓地好，出去玩烂石子什么的也不怕刮破。车胎两侧特别硬，比普通的侧面硬很多很多。,舒适性,0,
3462,nfN43p02D1mso9xa,那不是异响，是经过R档时倒车雷达启动的声音。,舒适性,0,
3464,9sQRXDCEidybI8e4,一般家用车的胎压为前轮2.4个压力，后轮2.3个压力！这样既照顾到行车的舒适性，又能保证后轮的抓地力提高行车的安全性！四季通用的！,舒适性,0,
3468,4LBX9pnSFO1wv2r0,只是监测报警。不会显示哪个轮胎有异常，也不会显示胎压。,舒适性,0,
3472,emxnNgbo75ayCV6E,轮胎更换有计算公式，可以百度一下，输入原车轮胎型号就可以计算出你可以换的范围，很简单,舒适性,0,
3489,5XyLInBz7FhpDUPN,不平，座椅比后备箱高几厘米，傲虎才是平的,舒适性,0,
3495,mi52VB3KvEfJe7FW,我在淘宝上买了一次“XX买”用了一个月后，一开空调就有一种发霉的味道。曼牌原厂都没这样。现在刚换了坤版，看着做功很好，用用再说。,舒适性,0,
3496,Winy59qYFIfvUSGp,应该不能换，换后轮胎直径增大，转向会不会蹭到？速度显示也会出现误差。,舒适性,0,
3518,N1UEgzCrb8unk5cV,你在论坛里搜一下，有个帖子，有种无线接收胎压信号实时显示的机器，不用改轮胎里的东西，我觉得还不错，某宝上有卖    ,舒适性,0,
3525,d6x9BUYr2JlFyDkV,请跑一段稍有颠簸的路段试试，森林人在后排没坐人时有点弹跳的味道，看这个有否改善？    ,舒适性,0,
3529,FRrwvq6YdSokWbNl,下次我要去问问，原车的相差多少会报警上次有个轮胎慢撒气，相差0.3还没反应,舒适性,0,
3530,2be6fwEqDrlZLgPn,我是空滤机滤曼牌的，空调滤博世的。,舒适性,0,
3545,6lt5HwOW1qXVbFvL,空调开着吗？我的空调开着，会时不时抖抖,舒适性,-1,抖抖
3547,ckCnyNTIfg1Qz4pX,设备:角刚制的车斜坡，滤芯板子，和一些普通工具机油:掏包搜新日石的银桶或黑桶，旗舰店的巨贵，找天津汉沽的或者大连的，实惠的多机滤:参考其他大神的帖子空气和空调滤芯:这个就随便了，我用的邢台的    ,舒适性,0,
3548,qsGJNolePgtMiL3H,话说油耗确实高了，0.5-1升吧！胎噪也大不少！用G012已经5万公里的结论！,舒适性,-1,大不少
3551,lysbB7uX5ihd2CRf,您说的是空调不制冷吗？电磁阀干嘛的？能不能说得详细些？    ,舒适性,0,
3555,LoKH9nFXcyWrY8z3,有钱就上套HKS的中尾段，淘宝价格在9500左右，声音好听，又不吵。我也是这个排气。,舒适性,1,好听
3560,WZq6KpA8PDVRyHCc,09款2.5森25万公里发动机不是很响哦,舒适性,0,
3562,gqA7I6eGTCW3Etyj,如果单凭主观感受，我的新森与旧SRX在车内噪音倒是相差无已基本一样。    ,舒适性,0,
3577,nb179zm5UHTFD3BJ,正常，新车买来噪音就大，开十年噪音还是依然大。,舒适性,-1,噪音大
3589,ubPI0hUv14LW6mwX,加宽不一定会增强操控，换一套好轮胎操控可能会加强的比较明显。   ,舒适性,0,
3600,5bq6M7uVnX3hLUFm,刚出现，25000保养完出现的，高速行驶的时候有这种声音    ,舒适性,0,
3602,rMj5OpwmE7ihJgHT,双层？你确定森林人的玻璃薄的太明显了，，，几乎所有的外部噪音都能清晰无阻的进来，当然这倒是提高安全性了   ,舒适性,0,
3606,MUu2frZpkPYQCnsa,我倒是感觉加了胶条后有时候胶条和风挡玻璃摩擦产生吱吱的声音   ,舒适性,0,
3607,rnx4qmSGs5leUQyA,18寸的没有AT轮胎吧，我为了装AT轮胎把轮毂降为16寸的！相当地好用,舒适性,1,好用
3608,LouqsJtSZrMHikPD,玻璃进水这个问题应该是通病，空调有土味也是通病，可以问下哈尔滨的朋友们，你们的冻没有。,舒适性,0,
3610,k4hf9t0mrOcqZa5M,我觉得关窗以后风噪还可以接受，问题是打开窗户，特别是后窗和天窗，速度上来后，有那种低频的噪音，特别难受,舒适性,-1,难受
3614,RBUoXJdt3plrj8hK,你也是北方的吗？汽车设置的冷保护，车子启动后不要开空调就行，跑一段时间发动机温度上来了再开空调。,舒适性,0,
3615,p9tbewZcUxvHWSFK,我换的米其林浩悦，城里/高速用足够了。噪音比原胎小很多。,舒适性,0,
3618,CzcihdjyQxNEPWB2,是北方的，是变速箱启动了冷保护吗？我是开空调来的，如果不开空调这种现象还会啊，出现吗？明天我试试 谢谢啦！    ,舒适性,0,
3634,LilcwyAn8GsbgYPV,今天刚到才装上去，明天开下空调吹吹看   ,舒适性,0,
3635,pVKDi0tqfE5UXlz7,这个看着是活性炭的，吸味但是没有过滤功能啊，测一下PM2.5吧。,舒适性,0,
3638,PAYgCtUKlzdxfE52,竖版的把空调集成了，集成以后操作很不方便。。,舒适性,0,
3640,I5TDjoGMaFKSEzCr,好多安卓导航不支持竖屏，空调操作也不方便，不建议。,舒适性,-1,不支持
3644,dfun9hKxXQozDv1W,同样的2.5豪华版，好多不一样的地方呢，无天窗，不是真皮座椅，有尾翼，大灯是卤素的，最关键的是手排的，现在国内销售一水儿的CVD自排,舒适性,0,
3649,OckwId6YR5XZKHiV,应该是后备箱工具箱上面那层泡膜间隙摩擦导致发出的声音,舒适性,-1,发出声音
3657,SXLUPN1R5WlFGHOt,那声音 真的是 感觉音响开再大声音都盖不住！难受   ,舒适性,-1,大
3672,OsnTaWr2mFi4XdBq,这不是女同志们都喜欢高大威猛的SUV嘛。力狮座椅一翻，好像也可以取后备箱物品哈   ,舒适性,0,
3677,9jY0RFUeKEucJ3Ok,帅 钢炮味道的森林人，羡慕你,舒适性,0,
3682,bMhXTNUEpeQV6uOJ,从视线和头部空间看，选森！,舒适性,0,
3687,aPtTdgWql4ozGbmO,这个情况要检查一下四个轮子的花纹磨损情况。斯巴鲁培训教材里提到如果出现花纹磨损不均匀会出现四驱变二驱的情况，解决办法是轮胎换位或换新胎。   ,舒适性,0,
3709,h4HjzIEot5bqlfM0,勉强到4000，之后踩着声音都变了，添加剂消耗光了。,舒适性,0,
3714,MI9J1g3ebXwaSEfs,广州的比你便宜一点裸车价24.48万时尚森，目前400公里，冷车时感觉发动机噪音比较大    ,舒适性,-1,噪音大
3718,ZleCdv2AO4tk065M,这是启停电池，纠结什么，自动启停等红绿灯熄火，我要不要把灯都关掉，空调关掉，行车记录仪拔掉，好怕电池会坏？,舒适性,0,
3739,styCwLDZuNjWTReo,问题是我试过了打开内循环一段时间 甚至直接关闭整个空调系统 都一样呢。。。我保持了一段时间的，手伸过去，还是有明显感觉热气在涌出   ,舒适性,0,
3741,DQY6gSIjFmOivh5A,可是问题是我什么都没开啊。。。就是空调系统整个关闭的，也是这样的。。。关键是中间两个什么热气都没有  就左右两边的有   ,舒适性,0,
3747,BK0a6zeH5y4P9DAF,座椅放倒也跑过，还是有塑料摩擦声音。车身倾斜越大，异响越大。   ,舒适性,0,
3748,tHOD91A5WirR6hbU,后面备胎的位置已经拆完了，重新安装紧固，声音还是无法消除，我怀疑是后轮毂包的位置异响。   ,舒适性,0,
3750,9AFlVtoZeEKxhcau,检查后排中间座位的安全带，在顶棚上，用轮胎胶条包一下金属卡子再插紧一点试试。,舒适性,0,
3753,NYcnamks0Zy7LrJU,请教空调水都是哪来的，这样的滴法，开几个小时就没水了吧。    ,舒适性,0,
3754,9WJqRUpyQ0ITfL4k,现在的车已经不靠水来冷却发动机了！车里的水除了空调产生的水，也没有啥能产生水了！正常的！放心驾驶！,舒适性,0,
3756,CDH9jrfuY0L76gJW,空调水 位置在副驾驶侧车底部。这个季节空气湿度大遇空调冷凝很正常的不用担心。,舒适性,0,
3759,fEO5S9xrjVZHNsDg,这个水既不是你的也不是他的，而是空调开启后制冷管道冷凝空气中的水分而来。据说水越多制冷效果越好。    ,舒适性,0,
3770,gfY8Z6rbmwza9TCi,除了空调水还有什么啊，哈,舒适性,0,
3772,PkCqw9nTFH2YJpIZ,明显是空调水，不用大惊小怪,舒适性,0,
3773,j7BuXKUiYVl6ce8h,刚刚给斯巴鲁中国打了电话，客服小姐说帮我反馈，声音很温柔哦    ,舒适性,0,
3775,hH6Bucr3fj5PSN8e,不开空调，屁股流水，也正常，据说是燃烧充分，发动机性能强     ,舒适性,0,
3780,gtRKQX0Oo7HJnepu,一直98号。转速低，声音小。有条件98。92没加过。,舒适性,0,
3784,CvEa9pWBb0rhH3fo,前面225/55/17后面225/60/17这样配合是不可以的，因为前后轮胎直径不一样，跑起来转速比也是不一样的，如果这样配合使用会损坏全时四驱系统。,舒适性,0,
3790,X0ni6WQGuPcRSlH9,我的也是2.5尊贵...而且驾驶时并没有明显感觉到这个声音...    ,舒适性,0,
3810,qBZpOeoG89ETPfdu,噪音主要是什么？那传来的,舒适性,0,
3812,8O0mUIeytsa3JSdM,就感觉高速声音比以前变大了。具体也听不出来    ,舒适性,0,
3816,7PnHmXU1vofyrOh6,你这没有方向性的问题，不好说啊，感觉这东西不靠谱啊 如果没有特殊的噪音，不要瞎折腾，受不了去花3000做个全车隔音吧，会好很多。 轴承一般不出问题是终身免换的，别乱花冤枉钱,舒适性,0,
3818,lLQvWUZc2ytTBAer,空调冷凝水，在副驾底部,舒适性,0,
3822,Pl2KRcAkJ7NT4DtQ,具体是哪里的声音 知道嘛  前轮还是后轮 发出的  确定是哪里发出的声音  然后将前后轮倒个个  看看是否还是那里发出的声音 来确定是轮胎问题 还是轴承问题,舒适性,0,
3826,OCRneZ7yhAsmdbwV,我也考虑过自由光，但自由光车比森林人大，空间却没森林人大，动力，油耗，越野能力都不如森林人，气味刺鼻    ,舒适性,-1,
3832,AG03pzyKaZFQ9URX,高度一致，舒适性好些，效果不错，一对2千多的样子,舒适性,1,
3834,CjOyrpF9kIYao5wS,听4S店里说，不论换什么品牌轮胎，最好4条轮胎花纹一样，好像说不一样的话对变速箱不好,舒适性,0,
3836,074gHEUAYSjMNvLr,呵呵 轮胎又不是轮毂！可以配的   ,舒适性,0,
3838,7Zv69g8FocV3DYkj,没换过，啥都没换过。喜熄火状态。随便用手转一个轮子，对向轮胎也跟着转，但是是反方向。    ,舒适性,0,
3839,96n01RiI5d7klABL,4W除了常规机油机滤~空调、空气还换啥啊？我3W时把刹车油换了   ,舒适性,0,
3843,DnA7JEXBuZikc3SM,每六千公里左右换机油机滤，检查清洁空滤空调滤（脏了厉害了就换），全车检查有无液体渗漏，检查底盘有无受损，检查灯光是否正常，检查轮胎，备胎气压是否正常，其他的通通忽略吧     ,舒适性,0,
3848,KLES7cIUnoA2GdfD,空挡滑行也响！速度越快，声音越大    ,舒适性,-1,
3850,c5LKgBjXkb1Ftdsz,空调水正常的，只要车子有空调都会有。,舒适性,0,
3854,mHY90Mr6IT1ylAdu,少有的森改得这么好看的， RECARO的夹蛋座椅，长途是否会过累？   ,舒适性,0,
3858,YbLuA7VUw1JaBeFf,5年没贴膜，前一辆车贴膜太影响视线了，尤其是晚上下雨的时候，侧面啥都看不见。,舒适性,0,
3860,GNBjCY7tmup651z9,稍微有点高低起伏..那声音..5万块的车一样    ,舒适性,0,
3871,74yeQNzkgrC2q9Rc,途观L相当...不好。不说那个离合，座椅不舒服   ,舒适性,0,
3872,QceKuF7iEtbZ95Rn,我的也是13款2.5 很久没听见爆震声音了，楼主不妨试试，用厚一点机油看看,舒适性,0,
3877,UCrnPKRwbEM83YIW,散之前没拍照？以前我都拍下来，现在都熟能生巧了。春秋天我都不安空调那套，太麻烦。    ,舒适性,0,
3887,QxBV0rnC5ojufg3w,我是18款2.5es豪华森 我是不是买了个假森 为什么我的小森没有那么大噪音 最快开过120但是也没有太大噪音呢？还是说18款有改善？    ,舒适性,0,
3889,n5fQguhjDsN42kyp,展车味道比较小，能优惠也不错,舒适性,0,
3892,NnoMwGRJP7lCHImf,尤其热车转弯的时候声音大,舒适性,-1,
3897,QUTc6uYxLoIpn5Gj,可以蓝牙听手机里的歌。歌还是在手机里。声音从车载音响系统中传出。不存在“导入”这个步骤。   ,舒适性,0,
3901,q0eIdFYjEnw9Wxp5,我2.0T都用美孚EP，便宜，噪音大点，目前6500公里没发现问题,舒适性,0,
3907,y5VeWDqAtRG0HPvg,换的后减震器怎样？是不是翻新件耐不耐用？舒适性怎么样？,舒适性,0,
3913,fvPrH8TjV2qNUp7h,换好点的轮胎，，舒适静音的,舒适性,0,
3914,8P91vsbWA42mSBZV,应该是偶尔吧，是音响发出的吧，我也遇到过，我感觉是播放声音时启动造成的，启动的一瞬间黑屏然后正常，就这一瞬间,舒适性,0,
3918,G6jlaIht3b8HgCez,怎么升级的？泉州4s说他们也没搞过，这蓝牙连上后用百度地图，动不动就没声音了，尤其一接电话，蓝牙就不播报了，手机也没声音，路走到一半很懵逼，后来都不敢用蓝牙了，现在这么个屏幕几乎没用了#%#“……”,舒适性,0,
3935,CzkO6tDHunQyRXUj,空调的就那么回事，哪都行,舒适性,0,
3945,5qknCa9IFGZx3TWX,蝎子是倍耐力的啊，你找倍耐力蝎子应该就能找到，我是之前网上看到的，胎花不错，然后去轮胎店买的，价钱没啥大区别    ,舒适性,0,
3949,UsqrbRHOkyAi0ca8,我车从一开始就有这样的嗡嗡声音了。。后来看论坛，可能是轴承的问题。。但是还没有动过。。4s 店铺也查过。。好像也没说什么。。等你的更新,舒适性,0,
3951,3wjICmVEoBPdzbk6,某东的曼牌或博世都不错。但你这个气味换滤芯是没法解决的，需要清洗蒸发器。,舒适性,0,
3952,7KVJ1aHhiuFM3Ejl,本人车也会嗡嗡嗡的响，这个时候拉个手刹再松一下声音会消除。不知道是轴承还是后轮毂刹回位不行,舒适性,0,
3953,PWqjzgAJif0c64bn,什么蓝灯？ 等红灯时怠速不会关闭或开启空调啊！    ,舒适性,0,
3958,ghRyiEMvY6mcnk5T,空调滤换，不一定能解决问题，，，，洗洗得    ,舒适性,0,
3960,70RjHJeWKv2fVAnz,水温蓝灯啊，怠速时空调不关闭的。    ,舒适性,0,
3965,wRQb38qzSjanLD6N,踩油门感觉没力气的，之前轻松140，现在使劲踩才120，噪音大的不得了，会不会是机油的问题的    ,舒适性,-1,
3966,0kUBmKInGCoZ92cQ,踩油门感觉没力气的，之前轻松140，现在使劲踩才120，噪音大的不得了，不知会不会是机油的问题    ,舒适性,-1,
3982,fPDAZC6pl4wcsxLi,音量难道不可以调？我也是用蓝牙接电话，不觉得声音有多大呀？问题是接电话的时候音量是可以调节的。,舒适性,0,
3986,x7ShaD8PBjCtM6YN,我的开了一年15000KM，开空调时也有这种感觉，顿挫感明显且刹车变软，不好控制，正在苦脑当中，楼主解决了麻烦告知一声。,舒适性,0,
3987,ZO130MTc9YwFWl4I,好的 那就去换一个 普利司通原厂轮胎 国内对应型号没有,舒适性,0,
3988,KyaZMTqdS0kuvPnI,一万公里四个轮胎全都有小裂口,舒适性,-1,
3994,rb3RNLYVqlia2f07,我的声音还很大，直接忽略,舒适性,-1,
3997,1D0yWko25M6incFC,2.0时尚，1700多，没有这种声音。,舒适性,0,
4009,VWioq2alDvwErxpn,根据楼主的描述，这种轮胎短期内城市路况使用没什么问题，如果要跑高速就建议换掉,舒适性,0,
4012,uPtSQjZ5efCnHly4,我开人家的CRV  XRV怎么都没听见这种声音,舒适性,0,
4020,pN2l8oLmJ96u0vUK,就是开窗的时候开空调听出来了，后来应该是慢慢变小了，刚开启空调声音大点，你也会吗？    ,舒适性,0,
4039,lBkgXywGIsAr6iZa,冷启动声音特别大，怠速也高,舒适性,-1,
4043,u6NJyOXaVwKYlCPv,是啊，绝对是乞丐中的霸主，7气囊、四驱、电调座椅、倒车影像、大天窗。。。主流合资车乞丐版以上几个大配置会基本砍光。    ,舒适性,0,
4058,bUSaMcD7NzPypOuI,大家都说正品才有的声音，恭喜你了！！,舒适性,0,
4059,aQKAOZjSXTMGJpmY,排气管隔热罩冷却的声音，发声位置在机舱部位,舒适性,0,
4062,g0etU3svN2xBRCwn,我也是15特装，2。5，加的摩特8100，启动声音非常大，行驶时声音很小，而且经常走到巷子里不按喇叭前面的人听不到，不知你是一直大还是最近大起来的，可以换换黑桶的新日石，主打静音。,舒适性,0,
4063,iO3JaF5RSXkeVM2x,我是熄火后有噼里啪啦的金属声，论坛上请教老司机说是三元催化的声音，刚开始很介意，时间长了也没啥感觉了，响就响了,舒适性,0,
4066,QE8Fd4ZOi3pkPW0w,我用金美孚0-40，这个油真的牛逼，高转速声音太好听了,舒适性,0,
4080,fqL1xMVnTBapCAXd,正常，还有哒哒的声音都是正常的,舒适性,0,
4083,VIFnTAhP5KtoyxaN,选at胎轮毂要小，比如16、17寸的；扁平比要大，至少用60的，要不轮胎和内衬之间塞得满满的如何应付搓板路炮弹坑,舒适性,0,
4093,z4pxWgBduiam6OUX,荣放外观是可以接受，就是室内味道相对大很多！所以一下子比较失望。   ,舒适性,-1,
4102,fk7l4IpxBVeOR1m6,我的森林人味道很小，同事的奇骏都把他熏出眼泪了。用料还是有区别的。,舒适性,0,
4108,FoLJAtXUCarefN87,3万五公里。。我是因为和保养师傅说的保养前一天偶尔听到车子有声音，我说是不是哪里松动了还是怎么，他就帮我检查了轴承，没收钱    ,舒适性,0,
4109,Emn7JYha1Nkj3uBF,危险！尤其你没有换轮胎。一般车的原车都是四季胎。,舒适性,0,
4110,yrmxFnZpa2BYdgOA,看了半天没搞明白，你在轮胎上装检测发射模块了吗？   ,舒适性,0,
4112,tisTlhnoNdOMbA2y,不用另装 咱们的轮胎里有胎压传感器 只是不显示数值 现在新出的 设备可以接受到咱们原车的信号了    ,舒适性,0,
4122,uqjNUXhdnT6tYO7v,好像老q5的四驱，高速稳定性，底盘质感，噪音，内饰等都强于森吧？本来就不是一个档次的车。森离地间隙，后排空间有优势。    ,舒适性,0,
4126,mqG4c6uaCyJkdvNf,不要侥幸，胎壁本来就薄，这情况坚决换，实在不舍得就试试轮胎内同一个位置补胎加厚，然后把轮胎放在后轮,舒适性,0,
4129,Ry0S4dt2XPh8pKOn,没有问题！轮胎侧壁色强度，主要靠缝线，你这个没有露线，没问题，建议用在后轮。,舒适性,0,
4132,tMxNQ2FIu5ArlYRX,传感器外面看不到 在轮胎里面    ,舒适性,0,
4145,klcqWP8nDsQFVEif,原车轮胎从日本进口过来用了有两个14万公里，两个国产的用了三四万公里就不怎么好了。    ,舒适性,0,
4147,MHVIeAk4f9FGzsrn,一样一样的，太响了。之前，伊兰特也没有这么响的声音    ,舒适性,-1,
4150,mQMLTqVX3eWcpY4u,兄弟，其实CDX后悬在城市表现还是很不错。真的。不知道2017特装噪音如何    ,舒适性,0,
4156,xjdbgSkoLi6nvEHh,启动的时候很大声音，然后就会听到1.2秒的卡察的声音，类似齿轮摩擦的声音    ,舒适性,-1,
4157,iB1Gprkd8ma4MVIv,启动的时候很大声音，然后就会听到1.2秒的卡察的声音，类似齿轮摩擦的声音，你的也是这样吗    ,舒适性,-1,
4165,25wKBsbhIQaZxLuH,非常感谢朋友，那你现在保养用什么机油机滤呢，还有空气滤空调滤芯你用原厂的吗    ,舒适性,0,
4169,9ThERWmtYj8dcFCH,嘉实多机油，曼牌机滤，空滤，空调滤芯等，途虎养车，养车无忧，上都有匹配的，只要输入车型就可以。   ,舒适性,0,
4174,abOZh0pHAiTYwSLR,我也是，4S店说没有问题，但声音真的很大，一直95号，高转速也拉过，就是解决不了,舒适性,0,
4185,udOWpBTgsiUz5Fcf,实际上我在路上超车的时候感觉开空调三个人也不觉着有难度。应该还可以吧,舒适性,0,
4186,mCzS0Ugk4H9RLPrh,两个大耳朵风噪大之源。整车隔音也是。。。举个例子，昨晚20-21点左右在高速服务区休息站门窗紧闭打算闭眼休息会儿，结果感觉身处菜市场嘈杂的赶脚。。。15w水平的内饰和隔音绝对是高估了。,舒适性,0,
4188,zycrXwShL35vgd4n,就针对于这个风噪来说。是不是非常纠结？    ,舒适性,0,
4192,AIBWSuMCLV5lNE92,这个我也认同，换轮胎我就选国产的，就在市内路跑跑，一年也上不几次高速，什么胎噪，什么舒适度的……     ,舒适性,0,
4196,5tqIyjsJB8D7G9Qr,高速公路上120码定速巡航，森林人的主要噪音就是风噪。车内人员可以和平时一样声音大小谈话不受影响，司机与后排人员正常说话不受影响。,舒适性,0,
4197,f3wPXEcgLK60S1iM,请问朋友，我这是空调水滴的痕迹吗？怎么擦都擦不掉，都不知道是怎么了。,舒适性,0,
4198,dFhHLvCzJx2u0f4W,空调水应该不会这么多吧。不过有可能。你去汽车美容的地方让师傅帮你看看。他们知道怎么清除,舒适性,0,
4199,To2YSEnqprRWtKFJ,估计你是森林人没有，连高尔夫也没有的 高尔夫的噪音可是比森林人大多了，而且老款的迈腾也比森林人噪音大。    ,舒适性,-1,
4201,Dq9cWmxGYZt2bCvK,华丽的落幕，这哥们就一喷子，不是说森林人一会儿说森林人烧机油，一会儿又说动力下降了，座椅加热不能用，问题有那么多吗？真的是那么多只能说这些人人品太欠抽了。别个开到屁事没有。,舒适性,0,
4204,qz6XyoPhSLtu2pBO,风噪肯定是有的，任何车跑快了都有，曾经有位网友说了，迈巴赫跑快了风噪也大。,舒适性,0,
4213,oFaPTKk9JtXbLYlZ,这个级别要舒适性直接1.5T冠道，绝对安静,舒适性,0,
4226,EkXvx0ilPHtNdCD3,第三次保养除了正常的更换机油和机油滤清器外，还要检查空气滤芯和空调滤芯,舒适性,0,
4227,jkRXuYqPWLonzM3Q,提车后我实测高速120定速巡航噪音65.9分贝。不过告诉你，用分贝值来评估噪音是不准的，因为噪音的组成（频率）也很重要，有些噪音悦耳，有些难受,舒适性,0,
4229,VKn4OlJEYuz3XyQj,斯巴鲁的空调出厂就有问题 建议斯巴鲁跟格力合作吧,舒适性,0,
4245,qLufGjOYzJcMRK8I,胎压不够才会报警，而且不会显示是哪个轮胎，必须自己挨个检查,舒适性,0,
4249,QCcLVpbeTdnFMtwH,对我来说，森林人的优点：四驱、Eyesight；缺点：高速的噪音。URV的优点：安静、舒适；缺点：个大（我家只有两人，加上父母最多车上乘坐四口人，森林人正好。小区车位紧张车身长不好停车）,舒适性,1,
4251,A7YUd4j9tDMVp8Jg,我的16款也是这样，我听了好几个也是这样的声音，像是电流声，去店4S里问，说换了也不一定管用啊,舒适性,0,
4254,KcrIEm8R6BfuaHtT,迈过扶手箱，爬过后座椅子背，尾箱盖内侧撬开中间的塑料盖板，抠开后备箱。 暂时只能想到这一种办法~,舒适性,0,
4257,IRKy45h9CAjwMbNg,这个公里数没有多少！就是机油机滤就可以了！再看看空调滤芯怎么样就行了！,舒适性,0,
4266,DiswWprclFoZkXKO,不自觉当中一年倒一次轮胎，雪地胎在原车胎切换。,舒适性,0,
4275,oVKDfXWAgza5elCp,更换后，新的还有声音吗,舒适性,0,
4280,80AZyGzmachVPDNn,座椅放倒，装货800斤左右吧    ,舒适性,0,
4281,aSHwg3xXk8d9KeWh,这车也没有电吸门，不厚道，没有座椅按摩，不厚道,舒适性,0,
4285,H8EjU3biTeprl6Lu,超级特维拉是越野，森林人是SUV ，一个带分动箱，带低速放大。底盘刚性也不一样。当然，舒适性、油耗也不一样,舒适性,0,
4290,eXLThZgCW7Dp2cBQ,更换机油后，机油加得过满，和机油粘度比原来的高，都可能导致油耗和噪音增加.,舒适性,0,
4300,MYzr2G9HOFp8LbXJ,我是13款尊贵导航，开过弟弟的指南者，没有可比性、空间、动力、舒适性、四驱差距很大。,舒适性,0,
4313,TdVyeUEf0xbBmjko,这个是不是通病，我的车貌似也有这个声音，一开空调就比较明显,舒适性,0,
4330,86W2QBeEIgKOxP0q,我怎么看都像新车，轮胎磨损程度和牌照架都挺新,舒适性,0,
4331,ahtirl9qPcEoSGbF,试下翻下后排座椅靠背，再稍微用力点扣上。我也是屡试不爽。,舒适性,0,
4336,5QE2UhKjolZ6fJV3,85000只换了一对轮胎，电瓶检测还有75%，刹车10万没问题。你那是路况太差了吗？   ,舒适性,0,
4379,Ysl1Bp5GAxDmVjQI,都行，个人尝试之后觉得发动机怠速和行驶时噪音略小，也不排除可能是心理作用,舒适性,0,
4395,K4ErwVO1pdSAUW5F,新款3月登入纽约车展，快点今年秋季国内上市，新车隔音和舒适性有提升，内饰比现在好点，可以参考翼豹或XV的内饰风格,舒适性,1,好点
4458,D60dxyeVN843cfKk,就是不知道内饰会不会有所升级，有没有电子手刹，空调后出风口？价格会不会高？,舒适性,0,
4468,nDgCxkLKX6Nhm8iS,13年20t纯市区现在14.1夏季开空调10个油高速8个油不到,舒适性,0,
4487,6qlrkZeOAjmtYdzh,尽量2。5的，跑长途动力要好很多，另外夏天空调力量足点,舒适性,1,
4500,fJ2dVsx9FDjtQZXP,日系车空调滤芯大多在副驾手套箱后面，卸下手套箱，就看见滤芯盒盖子了，简单更换复原OK,舒适性,0,
4515,3m0wZrA7KyND52fq,我的也是。冬天特别明显，在不开任何空调和送风的情况下、车子开一段时间二侧的出风口都有热风出来、估计是防止玻璃起雾挡住后视镜,舒适性,0,
4516,RBW9bQOmN3Kwkzhv,雪地轮胎10款2.5，约10.5，几个人没觉得沉或者费多少油。夏季空调，夏季轮胎不到10个油。这是乙醇汽油，如果是纯汽油，估计更省，我去年从山海关跑到四平，不到50升油,舒适性,0,
4518,ojlJEmM3On6Ww7P5,顶风顺风，油品，一路地势高低都有影响。比如你从拉萨回来到北京，一路下来估计要低一点，去高一点。温度，夏季空调在南方和北方，冬季暖风南北方都有影响的，所以每个人都不一样。,舒适性,0,
4538,ZUaDbsCNBiVF2l3u,同样颠簸碎路，再开开德系的车就明白了什么叫“整”，但是太“整”了话会影响舒适性。“整”而有“韧性”就完美了，据说宝马的底盘就是这样。其实没必要这么纠结，代步工具而已。,舒适性,0,
4560,KWi1wLCkchbSHP0A,定价应该还可以，真皮座椅、天窗、导航，led大灯标配，舒适性配置比国外高些吧,舒适性,1,还可以
4596,9RPmhlKwfVqrJ7vU,有道理，新车跑起来一发热，挥发出来的味就被空调吸进来了,舒适性,0,
4605,UteyVSfrbgcdskJ4,我换的空调滤芯，90元，外面PM2.5爆表，车内10以下,舒适性,0,
4608,hElfMXsqVPS2DBbA,尼桑的车舒适性一等一没得说，就是发动机变速箱调教的难受，冠道2.0t那套动力总成真的不错，而且舒适性兼具。不过加价确实让消费者心里不爽，但是你要知道森林人等于也是加价，按自己需求选择最好。,舒适性,0,
4612,t7mj2pkNgznJ0HfW,看了很多车，还是选了森林人，个人认为这个价位里最稀饭的一辆车了，被异响中控大屏黑屏密封噪音困扰过，但是开起来舒服，不错的操控，无敌的视线，相对另类少数的车标，还有个原装进口的小光环，蛮好,舒适性,1,蛮好
4615,AYH3RtVqP2vxBmna,有关系，点火性能和点火时间直接影响燃烧速度，这种情况下直接影响气缸工作，噪音也就有了。,舒适性,0,
4644,GY8x2WJlzFXuDUwh,刚换上jd全球购美版美孚ep，刚开始噪音大，油耗高，现在900公里了，一切正常,舒适性,0,
4663,1zOk57fHp4qZILEu,你不放心就换4儿子店空气滤，至于空调滤和发动机应该没有毛关系吧。。,舒适性,0,
4705,kNqnHicD91jweyuY,我都是窗户开个小缝隙，直接把烟灰弹出去，就是噪音大点，不过很快抽完就关窗了,舒适性,0,
4731,AEOU4kryvZtf0Mon,目前我车空调是坏的，烧机油，年前换了个雾灯，雨刮继电器,舒适性,0,
4789,DLleKfnHyhja2RS0,看楼主自己拆过中控，请问中控面板是不是可拆分为出风口、导航、空调旋钮三部分，并非一整块，更换时难道就不能用原车出风口面板，只更换导航处面板?,舒适性,0,
4798,j8wfX1nbo4NCJRWu,空滤KN的，空调滤有个绿的日本的，100来块，效果不错，机滤曼牌，纠结啥！别信楼上说的小厂杂牌的，这东西表面一样看不出来，进气量和过滤程度是有区别的,舒适性,0,
4808,KFtdSQ7ZrkfM8oYN,新森发动机噪音大是普遍问题，应该是隔音设计有缺陷。怠速抖动我也有，而且感觉比较明显,舒适性,-1,
4832,N7iC40rf58JGwOLy,刚买的时候发现抖动，也有好多车主反映，毕竟原来都是立式发动机，其实这发动机的热车怠速噪音很小，有时加油站忘了熄火，加油工竟听不出来。,舒适性,0,
4846,KMUrYtphjnigfXm4,22万了，上车必开空调，至今没坏过,舒适性,0,
4865,UgTDQid4YKfyB8N7,面板和主机一体的，带空调出风口面板的。配置就是2G内存，32G闪存。闪存是16G装系统加16G板载。凑合用着还成。没法拍照了，我的爱森被我老板开走了，昨晚他的大切在路上趴窝了。囧。,舒适性,0,
4879,X3z2cACvFNBKMgR8,机油变速箱油差速器油刹车油防冻液空调冷媒在4s加起来4000吧。自己换就不一定了，牛奶油一升200，piaa滤芯。换机油就一千二了。,舒适性,0,
4889,7R2SEHlyri8DePGI,森林人越野强于傲虎，无他轴距短；傲虎内饰舒适性好于森林人我选森林人因为全景天窗,舒适性,1,好
4891,1HuUZnqpNGYhrO4F,在想，装了这个，下马路牙子咔嗒一下，虽然是软性材料，但是咔嗒一下，心理有负担再一个，跑告诉的时候，那个地方的风噪和胎噪反射，不是更大么，,舒适性,0,
4900,4JAMrzbxKVOawtoi,二台都开过，感觉澳虎要舒适不少，而且也是四驱，底盘也不底，空间还大。,舒适性,1,
4906,6h0lxmfKQAYiVzvq,原来有个帖子讲在后视镜根部贴胶带减少风噪的办法，一直想试试只是没找到合适的材料。但是后来在高速上我想体验下后视镜风噪到底有多大将后视镜折叠起来试了几次发现风噪基本没有区别。,舒适性,0,
4908,aR5nOgNsjXq9uEZw,个人看法应该还是那个三角窗玻璃的密封问题。而且我的感受森林人的风噪比Rav4、Crv之类还明显略好一点，比国内合资15万以上的桥车都要差。,舒适性,0,
4960,q9GFzhTE0Lj4or5k,你看到的两条皮带是风扇皮带，和空调皮带，正时链条在正时机盖里面，放心我也是有一辆12年10月份的手动森林人,舒适性,0,
4976,pOKdIzlYkq9u7gij,首保免费送的啊，何必自己花钱出去换机油呢，其实首保就用免费送的原厂机油就可以了哦，原厂机油保真够用，免费首保换机油机滤，检查车况，空滤和空调滤清洁干净即可，最后免费洗个车子，满意请采纳，谢谢！,舒适性,0,
4981,uWpyD76rgzhRm4n2,森林人的机滤在上面，拆卸方便。底部放油螺丝也很好搞定，给我一条地沟自己都能换机油，空滤空调滤也无压力。,舒适性,0,
4988,J3jCs9xlyMenFQXH,看师傅保养了两次，我现在屯了机油和空滤空调滤，只要有个地沟自己也能保养车子了，很简单的。,舒适性,0,
5009,F1wgLyhb9HuGj8WO,就关心后排装没装空调出风口,舒适性,0,
5029,pCbTrnYd57PsQXlU,空气滤芯2万，空调滤芯1万，每5000公里拿出来吹一下。,舒适性,0,
5031,SV1ozwtxGHgDFsT4,空调应该一样的，机滤应该2.0能用，空滤不知道,舒适性,0,
5032,vjITdRrHet8POl2k,我的车一直用的烯润机油，性价比高，节油噪音小。,舒适性,0,
5062,sQyFNAZvdUMlhtDn,这东西原厂不原厂我感觉一样用，空调滤芯淘宝很多东西比原厂的还好呢,舒适性,0,
5070,I3HO2jYPdVXqvG0r,非常赞同，不过低速顿挫确实没有感觉到，我是2.5自吸的，80往上加速不太行，不如老款森林人加速猛。我感觉最大的缺点就是车内的异响从2000公里开始就有了，很烦。高速风噪大。其它我觉得都挺好的。,舒适性,-1,很烦
5110,zlL5vRrCuf3BPXxe,一分钱一份货，大家都不是傻瓜，优点缺点都有，操控好，四驱比Q5差点，音响差，座椅硬，噪音大，目前就体会到这么多！,舒适性,-1,差
5112,ORdnM6lLusxpoVEK,一年15000换一次，京东刚好搞活动，空气空调两个才100出头。曼牌。,舒适性,0,
5116,JwMAKyh3LG4Ok5fB,开启空调。温度调到最低。然后开启外循环。然后关闭空调。。行驶一段时间就好了,舒适性,0,
5125,A2PjCldSqIOhtbHk,昂科威我以前特别喜欢，特别想买那个。但是试车坐进后排我就pass了。座椅又硬又凸，坐姿还太直。还有就是新车异味较大。四驱性能不会有非常本质的区别，底盘可能矮那么点但也差不多。,舒适性,0,
5193,mDf95eUM7lHncPwi,暴露了北海道农用车的本质，之前已经说过了，风噪声这里贡献最大，,舒适性,-1,
5196,ITdiqoL30ry5J41P,我的18款目前只是刹车踩到底就启停，无论是N还是D。刹车踩得轻不启动。空调冷车什么的还没试,舒适性,0,
5209,7ALJcCpKjodxyiwM,途乐太大了吧我去看了实车，巨大无比，舒适性没的说，隔音也好。就是太大，怕市区不方便,舒适性,1,好
5212,7knoD82cxRFuKspb,还开空调，你发动机缺缸了！,舒适性,0,
5233,wV3TtS4uisZEdvM1,准备试试密封胶，这里确实风噪最大，提车不久就发现这个问题了,舒适性,-1,风噪最大
5243,gsxcriXSOVhKq0WB,楼主说的到底是漏风还是风噪,舒适性,0,
5255,fOVZW7wXPYBRs1ND,开了几年森了，还是觉得舒适性和A4L真不一个级别，森的感觉和速腾差不多。如果只是市区长年上下班，我会选A4L。,舒适性,0,
5258,76GoSNzIWDsVayiE,你想多了吧。男人爱嫖妓不代表龌龊吧，我觉得正常啊。正常的钱色交易，不占地不占房，只是借用一张床，无噪音无污染只是偶尔喊一喊！,舒适性,0,
5261,aQPpOyzMojxdUJfE,是啊，我个人觉得森林人最大的缺点就是噪音，高速跑到80以上就很让人抓狂了，还有另一个缺点就是内饰和电子辅助做得比较差，跟同价位的其他品牌车比差很多.,舒适性,-1,比较差
5264,NEbfFhS9n7I3wGr2,四万公里，无非就是节汽门，刹车油，冷确液，机油，机油滤，空气滤，空调滤，气油滤。这些了。,舒适性,0,
5278,rfdWOsPEmoekDcYX,指南者试乘过，空间小。其他的都还好。自由光开过几百公里。感觉油门重，操控也一般。高速上噪音也还成。后来买的森林人，个人感觉比上两个好。,舒适性,0,
5286,08DgcKJTv6ezUor3,呵呵朋友，这个更换理论和实践是没有问题的。正如你说的，更换后会造成时速表不准，油耗增加。不过有所得必有所失，你得到的将是舒适性/通过性和稳定性都会增强。,舒适性,0,
5303,z4vQ1yIr7UYNOC0F,我遇到过开着空调冷气也会停。,舒适性,-1,
5314,9IJcmibzrZXy8VYT,我在4s店买的，700块，我看着质量还可以，没有异味，虽然不是那种夸张全面包围，但只要不折腾，该包的地方还是包了，别看贵，但贴合度很高，就是没有那种丝圈，不会洗车的拿布一擦也就干净了,舒适性,0,
5331,eyt5a938MkFi6Cu1,满载加外挂行李，4000公里长途平均油耗表显8.8L/100公里。夏天市区全程空调平均10.2，冬天由于太寒冷平均15个油。14年2.0XT，北美用车的情况,舒适性,0,
5385,eVPQHLWdDCaRl1Ts,巧了我是2.5特装森林人，我媳妇是蓝调版gla。俩车都是好车，gla市区比较省油，操控比森林人好，高速过弯几乎都感觉不出来，悬挂超硬过减速带前排还好，后排那酸爽。俩车隔音都不算太好。都比我之前的新帕萨特差点，出门的话还是森林人1视野太好2四驱安全性好3空间比gla好太多太多。市区2个人以内开gla要好省油而且提速感觉比我2.5来的还快,舒适性,-1,俩车隔音都不算太好
5388,dinIqspr5yokchQj,像是底盘排气中、尾段附近的声音    ,舒适性,0,
5401,Ig36PcLviwy0n8Tf,你说的除开噪音略大一点其他都没碰到，问题我开的18款WRX，噪音根本不是我关心的部分 。说实话在北美斯巴鲁性价比真是超级高。WRX的操控真心不错，那感觉绝对让人很有驾驶的欲望。   ,舒适性,0,
5414,H8ZnoT7uYPCWdDRj,你让车主们冬季的时候在3年车龄的车在里面睡觉，我睡过，窗户开的比较小，结果1个多小时不行了，说不出来的味道，不是甲醛，但也是有味道的，不要忘记了车内的材料大部分是用的复合材料，且空间有限，加上通风不畅的话，说完全没有气味的我觉得就是很主观的，我怀疑斯巴鲁的tvoc有机物气味残留在车内的含量是超标的,舒适性,-1,
5434,U1dYwfGtDCajXr9z,萝卜青菜各有所爱吧， ，我觉得mini性价比低，做家用车实用性差，我夫人曾经看好，我们去试驾过一次cooper，感觉几个缺点1.方向沉，感觉跟没有转向助力的老普桑有一拼2.悬挂硬，感觉直接坐底盘上了。3.噪音太大，嗡嗡的，不过排气的声浪确实不错。4.动力不咋地，1.6T 四缸四驱，超个车都感觉费劲。5，内饰比较差，不过可以后加装。真实感受，不喜欢请一笑而过。。。。。   ,舒适性,0,
5485,RUr9oFL3I2abMZ71,驾驶感受看你个人要求吧，我觉得动力好猛，到目前还没有找到人车合一的感觉，这个价位的suv操控上无敌了。只能更快，慢不下来。兼顾不了舒适性，我之前开的是皇冠，怎么样也习惯不了，这可能跟年纪上来了有关。   ,舒适性,0,
5487,HDNBdXgnQZkJowSR,我现在用的固铂225/65/r17的ATS，之前考虑的是G012和固铂ATS，朋友用的是固铂，我就跟着用了，舒适性和噪音来说变化不大，胎壁厚了，过减速带稍微舒服些，缺点就是油耗百公里要上升1-1.5个油吧，如果铺装路面的话，我觉得还是原厂胎均衡 油耗也低，如果出去浪概率高，可以试下G012或固铂ATS,舒适性,0,
5517,8rJAe5XzCsc74U3m,森林人车主估计X5比较适合你，如果既想舒适又想能去野。强烈推荐途乐，钱多上5.6，实惠4.0也不错，反正比陆巡4.0动力好许多。这几个车车本人都玩儿过，给你个建议。     ,舒适性,0,
5568,otuZlvO1nkNpQ9Ve,不用比较森林人除了xt和se动力上让人纠结一下，剩下的选傲虎吧。高一个级别的，没什么可比较的。傲虎底盘也不低。隔音舒适更生一筹。至于操控上森那点优势，一般老百姓开不出来的。,舒适性,1,
5583,F4aSijn5QhGvfJVH,我倒没觉得3ST有多静音，高频胎噪很低，反而那种咕噜咕噜的低频声显得很不舒服，有利有弊，操控性是好了，但也不敢跑烂路了随便造了。我觉得还是原车胎好,舒适性,0,
5585,2cJYqXNBFCiwSGpf,看个人喜欢吧，原胎声音我是受不了，现在的胎我不觉得操控好    ,舒适性,-1,原胎声音我是受不了
5592,67GOmupNBAe9wzJD,感谢这么详尽的指导，现在开14款明锐，1.4 dsg的版本，有车开，可以等。舒适性和安全性比较看中，这俩都不错。    ,舒适性,0,
5599,76PbD0utYGiJsOQV,大家都提了舒适度，空间，质感等等方面傲虎更好。但是森林人的有点傲虎也是比不了的，甚至同级别suv比不了的，比如视野，比如坐姿高度。,舒适性,0,
5602,GucSpAXYVIL349Hd,我用了几次安能的机油，总结就是发动机噪音大，性能非常一般，后来一直用长城的机油，感觉性价比还不错，最起码不用担心有假货！,舒适性,0,
5612,c7mlau0poQBgj1rZ,就过了一次户，新车五千公里入的手。无改装，只加了底盘护板、刹车顶，加过音响做过隔音别的没动过    ,舒适性,0,
5667,DzaVRWZcwxMsp8io,那你有话语权，哪个噪音小点？驾乘舒适度哪个好？森林人没啥毛病吧，到现在？现在让你再选，你会选谁？谢谢！    ,舒适性,0,
5680,1jGfoqJObHvxNlhQ,森林人这款CVT变速箱采用的是链条传动，无论传动效率和动力响应，抗打滑性能（承受高扭矩）都要明显优于钢带传动CVT变速箱，缺点是制造成本和噪音要高于钢带CVT。这种噪音类似一种啸叫声，在安静的环境和低速行驶才能听得到，嘈杂的环境和高速行驶会被其它噪音所掩盖，忽略不计。,舒适性,0,
5694,nIcA6mx7VELjShei,噪音两个车差不多，丰田的车相对质量要更稳定一些，换车的时候本来想买霸道的，因为我喜欢户外运动比如钓鱼之类的，试了一下感觉太大了就没有买，买森林人主要是看中了它的四驱和同级别最高的离地间隙！要说毛病吧就是这个车有点异响，不过RAⅤ4的异响也不少！还有保养费用两个车也差不多！   ,舒适性,0,
5698,9Jx6wYDrb258kUcB,总结下：1.噪音差不多2.保养费用差不多3.森的离地间隙高，通过性强4.俩车都有异响麻烦请教下：1.rav4的异响一般是哪里？森的是哪里？2.丰田的可靠性体现在何处，你有无碰到过俩车关于可靠性的案例3.如果再让你重新选择，你选谁？谢谢   ,舒适性,0,
5699,uxCRZh7i46UlH3oa,我以前开的是10款，主要是后门是侧拉的，异响主要是在锁扣处；森林人的主要在于车窗，后备箱门以及中控部分。森林人纯进口安全性高，操控要比RaV4好    ,舒适性,0,
5752,Ptiy4D1kYBvj0LEK,夏天已经歇火的汽车，还能听见发动机舱里响的声音，一般情况是散热风扇热敏开关检测到水温高而自动开启。水温一般超过90度，热敏传感器动作，散热风扇开启，使水温降低，,舒适性,0,
5773,CtaluIfxe8UVyrsk,大哥，你不要再问了！噪音、异响震耳欲聋！    ,舒适性,0,
5778,pTwuCQg2LaAjeHX0,是性价比不高，贵了好多，其实我对车机要求功能要求不高，但是音质要好、操控方便，外加可以手机投射就好了，我不在车里面看视频，所以如果现在的话还是8850，不知道你有换喇叭线吗？车门和驾驶台如何穿线？   ,舒适性,0,
5791,XG4ekaFjB96st1YS,我用的DSP就是有这个功能的，用电脑自动搜索什么噪音啦音频反射啦，反正要精确调音才行，不是专业的怕弄不好   ,舒适性,0,
5849,kLoeHDvBm2FO7drp,没错，综合油耗从7.8上升到8.8，不过相较于静音的显著提升，抓地力和湿地刹车的提升还是可以接受的。   ,舒适性,0,
5868,641iREtsCzFPVlu7,选车主要是看自己需求，现在小森2.5和x1的1.5T价格也差不多。如果中长途比较多，偶尔烂路，经常多坐人的话，我还是喜欢偏舒适取向的车，太追求运动的话坐久了比较累，不过据说经常开坐运动风格的车，就能练出好腰力    ,舒适性,0,
5940,N3bFGVTWjKo0PucB,内饰异响，发动机注意加高标号的机油，不然公里数多了之后烧机油很严重,舒适性,-1,
5957,MbVzKZr6A2gF5NmR,每个人需求不一样，你认为动力排第一位，有人认为安全性排第一位，有人认为舒适性排第一位，有人认为大排第一位。老兄，加我私信，***的呢？？   ,舒适性,0,
5999,ew6X4yrjIZWUqaYL,xt5也不能完爆吧，本人xt5和2.5特装森都有。xt5视野不如森林人，过弯不够流畅。四驱应该没有森林人好。静音，提速，舒适，比森好。油耗也完爆，没低于12个。,舒适性,0,
6009,IeKYQdgxXrUOs7nB,不急的话，等新款森林人，XV胜在新平台，空间小；我家森林人是老婆选的，她觉得除了一家三口可以用，也有扩展空间，出去旅行后备箱也大，宽大的空间对驾驶和乘坐的舒适性还是有实质性的提高。,舒适性,0,
6015,foerLRzKijbcuJW6,我去，这两万多不见面啊！你牛，你先开出去拉风。要是我两万多，还是先改中控和音响，毕竟，这个我天天看天天听。    ,舒适性,0,
6016,J1F7vm0wrd9RcITh,我也刚跑完云南之行，刚开始和楼主一样的问题，以为这就是森林人的隔音太差风噪太大的通病，但时不时又非常安静，安静时有意地开到140以上还是安静，就这样反复几次后才发现，这跟高速路的质量有关，跟小森没一毛钱关系。云南境内大部分高速路看着很平整与其他高速没什么明显区别，但就是噪音特别大，一进入贵州重庆就好很多。,舒适性,0,
6025,reRyWl3u0f5Psv8G,分析的好，路堵就关了启停，另外天热开空调我也关   ,舒适性,0,
6031,17nV4kKNeXvmj3Fu,去年夏天遇到过空调偶尔不工作，今年又好了,舒适性,0,
6033,FrlKxBfR9Nzk6YUS,WD40喷对地方了吗，只要对准异响位置喷WD40应该没问题！有的地方喷不进把管子弯折一下在喷，目前最有效最简单的方法就是WD40,舒适性,0,
6034,NAZUQaLf1q5hmydE,这是天窗的铝合金框架根车顶的安装结合处发出的声音，解决办法是把天窗框架跟车顶结合处的固定螺栓松开，然后找个废旧自行车内胎用剪子剪个垫片，垫在天窗框架根车顶的结合处然后拧紧螺栓。我的老森天窗也响过就是这样解决的，希望对你有帮助。,舒适性,0,
6039,vdFMjKIuCYVO9RHm,13款2.5L，行驶6万多公里时出现过二次空调不制冷，8、9个小时后又制冷了，4S也不知原因。,舒适性,0,
6047,LUf41gRbnDCYNIKV,搞好了 多媒体蓝牙连接选择的是前置...调成全部都好了，害我纠结了那么久，就差换套音响了...    ,舒适性,0,
6050,xzMQKGRqCvbSIpUt,金属异响，要预约。我周一约周五还得周四再约,舒适性,0,
6052,jw1gYbNDXJWPFET8,你可以感受下，尤其是开空调内循环时，喷玻璃水味道特明显，密封不严氏    ,舒适性,-1,不严实 
6064,6ZA3OoFkJCuVDaIt,有这个声音，开空调踩油门就有,舒适性,0,
6070,HKzEQdVxJhMacG4N,里面放了眼镜？我之前也响，但是我下面垫个眼镜布之后就不响了   ,舒适性,0,
6074,3gDWR7qtHIC1fyZu,那是啥原因？踩离合器贼响。    ,舒适性,0,
6077,Aae70G4OCz15pdWM,普洱堵车啊，还有坡度很大，离合器在城市里实用的太多了，我使用的频率还是比较高的，之前都没异响，突然最近一踩离合器，那个声音比较大…我就发帖求助，三件套我网购过来了，不知道去哪里安装很头疼…4s一般都不会帮安装。    ,舒适性,0,
6084,7LcYoByp3zdmUJhD,后视镜加热开关在空调面板上，跟后挡风玻璃除霜的开关是同一个。    ,舒适性,0,
6093,5rde320kvBDIaECN,10款的车型没有腰部支撑，空调面板下面的12v电源就是点烟器插座，需要配一个点烟器原车不带点烟器。,舒适性,0,
6099,kIROZmLWTBY8y0jU,这个噪音也很小，感觉比原车胎噪音还小    ,舒适性,1,噪音小
6109,WqmYa4KXjeZ9CpxU,关键是我现在的异响想着先解决了，怕4儿子不认。    ,舒适性,0,
6113,2Sa0Fy6x4cjkgmYd,工具车就得异响？五菱都不这样吧    ,舒适性,0,
6118,UWStl4G7V1InkQYm,是开着空调在抖吧？关了抖动没那么厉害了,舒适性,0,
6119,mXSvExK5TokAHGdQ,没法彻底关闭，车子启动后又恢复开启状态了，以前看过一个帖子，好像要安装一个定制插线头插上欺骗系统，不过安装比较麻烦，懒得动了，不开空调使用节油效果也不错,舒适性,0,
6120,SOu8tCNBHRYPGzbg,好像开不开空调都有这现象，有好长一段时间了。今天早上注意到的时候，当时空调时开的，一档风量，温控27。    ,舒适性,0,
6123,gcvCfnUmdDPS4lNO,开几个月，才2千多公里，噪音大吗？    ,舒适性,0,
6125,iSYMBwG5UCyKA0hf,空调机压缩机转时一转一歇的。怠速时转速自然忽高忽低    ,舒适性,0,
6141,DdNMhflWQ4J3BpeF,这样啊，菜鸟一个，不是很懂啊，还有风挡玻璃那，空调出风口异响怎么办啊    ,舒适性,0,
6145,PG3L91vnxiDVb8ah,后面没有空调会不会很热 ，显示器可以换的吗？感觉原装反应有点慢！等18款还是买16款（16能便宜一万多点）？    ,舒适性,0,
6148,cgzd1FDTSiwWs2I3,给你解决半个问题，在尾箱锁扣上缠上点胶布，有点就行了，解决尾箱门响，前门响没遇见过,舒适性,0,
6178,O8Me7xyPiYCjpFJl,刹车异响，低速啸叫，不是车的毛病，难道是耳朵的毛病？,舒适性,-1,有异响
6180,YXDIfckyAiad3BeL,我的打死左也会响16款第一批车，开始还以为是响胎,舒适性,0,
6181,VbShjEwe1oG9z0BL,起步没有，只要打死就有，刹车打死也一样响，不打死就不响    ,舒适性,0,
6188,H7jMv2cRGUsmVYoI,正常，盘山路满载带空调都能121过，缓坡经常110,舒适性,0,
6189,9lxHk1aAVvjMYwKe,异响问题最好上图，实在是看的迷糊,舒适性,0,
6190,6WhOsIuM9NCvzkjp,因为高配是分区空调，显示两边，咱们低配的显示一边    ,舒适性,0,
6193,Z1cVqFhERwGUWJdl,这好象是蜜蜂作品， 问问：空调泵有异响吗？见过几台A拉都有这问题，应该是通病，我的也是，好响，    ,舒适性,-1,有异响
6194,z6pEx79lHQB5fTiu,跟你一样的二手森林人。喜欢它就要包容它。喜欢肯定有理由的！刚开始，我也不习惯。各种异响，走点烂路，稀里哗啦的。我15年底买的，比你贵了一万块钱。说实话，这车真好开。平常我也是上下班开。偶尔拉下东西。森还是很给力的,舒适性,1,给力
6195,qrJ9xVhpP5lUH3Me,差不多7万公里才响？已经不错了，我一万公里就响了，液压杆擦干净，薄薄抹一层润滑油，越稀越好，其它地方往S里打wd40，擦干净，用一段时间就不响了,舒适性,0,
6201,HuY0KhziUpVryejn,不知道我被骗了还是咋的，这专修店应该不会烧我的，森林人的汽油滤芯是内置的，300多一个还没算工时费呢。我装的都是原厂的，所以贵，也有很过小厂的机滤 空滤 空调滤 几十元一个，但是原厂都是100-200的，其实空滤空调滤可以用小厂，但是机滤和汽滤还是用原厂好些哈，不然渗油就麻烦了   ,舒适性,0,
6217,5UobJPLu8p4kKE6N,空气空调滤芯自己换就成，假货怎么了，就个过滤空气用的，我淘宝买了一箱，平均1个不到20块，反正3月一换，不管脏不脏，自己动手5分钟,舒适性,0,
6223,EpNcD2KgsLGbPt1U,甭管用什么机器，空调这种独立的结构被集成在触屏机上就是一个隐患    ,舒适性,0,
6226,YgzNwq5XCviy6OP2,打开空调以后就听到滋滋声，同时也没有冷气。    ,舒适性,0,
6237,7BMXKlh20cQyx8vG,博士空气滤，坤牌空调滤，原厂机滤，某宝水油,舒适性,0,
6256,FX0L83QSABd1Ixkf,开了八年，九万七千公里，没换，没任何不妥。这个东西只要不影响供油就不需要换。平时可以使用些汽油添加剂，有清洗油路和除积碳的功能，很棒。,舒适性,0,
6260,jD9JNkRdy2flzcBt,看反光镜、档杆、手刹、还有空调按键区域，别看多媒体，他那好像是后改装的。,舒适性,0,
6262,JL3aCAUEBhRbIH7Z,冷凝器吧 最近坛子里一堆空调坏的 我都等了半个月了我的冷凝器 斯巴鲁的空调是不是二手空调啊,舒适性,0,
6267,CeHdcDtbaELM4iP3,冲量没关系，但是影响保修就不行了   ,舒适性,0,
6272,joBdl1aV0nzq72Ku,看来这里可能也是，12月底看车，1月到手厂家的系统里面是10月销售记录，收到4S售后的短消息提醒也是10月保修要过期了，电话去询问。4S销售说根据法律按照手上发票日期保修，不影响。你怎么处理？   ,舒适性,0,
6275,RM7roxV2LszSTafF,别开到最低温度就不会触发空调               ,舒适性,0,
6287,VlWRi9aFXY65eqM4,另外一台车用了几个月了，效果减弱，但感觉比原玻璃还是说好很多，原玻璃是水和玻璃接触，不均衡的影响视线的那种感觉，雨大是就好很多，不知道如何描述那种继续验证一下    ,舒适性,0,
6290,6hVef3d8BFxlbw1a,喷点wd40吧，我的车后门前阵子也是异响，喷完wd40瞬间解决    ,舒适性,0,
6292,E4OTMnKgHwQvSDf3,按一下中间的上半部分AC按钮，等于把空调关了，再把进风模式调成外循环。就是你图片亮灯的按钮。,舒适性,0,
6293,oHg6f0Q1ItMR5Lun,不过每次都得按AC按钮关闭空调，不然你一调节风量旋钮默认就是AC（自动空调）打开。   ,舒适性,0,
6298,EQDsoKFYL0mM7xk4,试试去四儿子那让他们用清洗一下玻璃槽，我的主驾驶室也是玻璃上有水珠开关就会响，特地去那给擦洗了一次就好了,舒适性,0,
6300,5cfMm0Trvb3onWzh,看看是不是副驾手套箱下面，伸脚那个地方，下面有块饰板，我当初是副驾中控台响是这里导致的，后来加了块海绵就好了！,舒适性,0,
6302,BKbTapn7glCt6NoM,掉进东西也会响，我以前的车掉进贷款的名片，从此开关都响……,舒适性,0,
6306,fbEKNZ7rAVPMp6ho,这种是几个方案中最节约、最有效的办法，也不变改变原车的舒适性…   ,舒适性,0,
6312,UViCZ3fQSHG9YAqM,楼主傻阿，刹车吱吱作响，说明刹车片已经快磨没了，已经跟金属在摩擦了，赶紧去ssss店检查一下考虑换刹车片吧    ,舒适性,0,
6319,OjfQkJmR5t8MayPq,是的，就是越野性和舒适性无法兼顾！   ,舒适性,0,
6322,A3te9Qgdp5K8GoVS,快刹停或起步时还会响吗？,舒适性,0,
6335,9FAmtZoB86QOR241,欢迎入坑，小森是兼顾了越野性，操控性及舒适性,舒适性,0,
6338,Ms0pVWTcft8iDbEL,我的也是空调这样的，和你同一批车，过保修期了,舒适性,0,
6340,YtqiC8FTkNUn91Lc,行驶过程一直响，天窗导水槽一次漏水清理过，响的问题4s差不出问题。。哎    ,舒适性,0,
6341,EAI0QSpHcoZG3MNm,汽车减震坏了一根，建议两侧全部更换。因为汽车减震出厂时因为钢性的缘故都需要配对搭配组装。现在你的车在行驶过一段时间后，减震的弹簧及液压杆都会弹性都会减弱。你要是只换上一根的话，在行驶过多的颠簸路时，由于两侧的弹性有较大的差异。这样会造成你车辆车厢的缝隙加大，而后会照成异响。还有一个原因就是减震两侧弹性相差，会给驾驶的舒适,舒适性,0,
6365,aqRZYvKIVzJyr60G,没遇到过，已经跑了一万五，没有任何异响,舒适性,1,没有
6366,0WNg2ptl6orba4XY,我也响过，后来到4儿子那拆了手套箱，空调滤清器，发现里面有两块金属贴的太近造成的，贴了块海绵搞定,舒适性,0,
6370,rpZRK2UyzTO4gk9v,开了五万公里，空调也出现了问题,舒适性,-1,出问题
6371,LFGmYro7BaDs9fTE,空调管进车那节会有冷凝水，夏天滴到排气上会兹拉响。,舒适性,-1,响
6374,fzLhRj1cIWJUZeXr,森是紧凑型SUV和七座中型SUV汉去比好开，有点欺负汉了。。。如果不是斯巴鲁粉，需要off road铁定SUV车型，还是要冷静下。。。这车好在全球车、进口车、安全性、机械性能不错、全时四驱，这些同级里基本没啥对手。不过可靠性、性价比、舒适度都是同级里中游和偏低的。,舒适性,-1,偏低
6383,9DE7ev18ZPtsINcS,油跑空的时候噪音会大一些,舒适性,-1,噪音大
6388,cYPNpiG0lLJo6Oub,轴承坏了，低速4~5十公里不会太响，到了7~8十以上，就会很明响的，你的车过了保修期没有？    ,舒适性,0,
6393,Pa5l0E3CJvi1tcmD,我7月提的2.5，也是这样。看来似乎都有。不过不影响正常使用。只是声音让人有点不舒服,舒适性,-1,不舒服
6395,k0JCQIhBMyqRzbOP,是不是开始轮到13年款的森林人批量出空调问题的,舒适性,-1,出问题
6396,aAkHL58bDxlwpBJc,有用啊，下雨天不开空调可以，太阳底下暴晒时两边隔开一条缝隙透气,舒适性,0,
6401,O01LVPi8uk2Y4fat,是啊，负载行车的时候，下坡不会抖，只有上坡加油门才会抖。   ,舒适性,0,
6411,6kElZTCWPNjmebfL,负责任的告诉你，换了第三方的刹车盘和皮有可能还响，目前我换的alcon的盘，菲罗多DS2500皮，一样响，不影响使用，不用在意.   ,舒适性,-1,响
6412,4rLkoqp3ibIg92Mu,难道这个响，是刹车分泵的问题？    ,舒适性,0,
6448,dqaODiSyZrnkQzwv,16的音响不是一般好吧，是真心山寨。一个进口车配个山寨机，不说了庞大太闹心~,舒适性,0,
6449,BcXjZfVRWOp0wHav,副驾驶手套箱里面有一个安装导航模块的支架，是导航模块和金属支架碰撞产生的异响，去4S店直接跟他说垫胶皮或者缠电工胶布，我的车当时就是这么解决的,舒适性,0,
6474,e3N2PMEbgfixpGH9,新杠5绝对秒森林人，价格便宜，做工好，静音好，还是四驱，操控绝对不输森林人，有什么理由不选它呢,舒适性,1,好
6482,wtFfB2hzEC6O8naj,看我头像 古董级森林人 08年的 6.2万收来的 车子爽得很 就是天窗异响 很烦人 准备找人修呢,舒适性,-1,异响
6504,pBTohgYWziP5FKEX,画好3D做应力分析应该不难 但是要承受多大的力 什么方向的力 作用在哪个位置的力 这个非得是研发车的人才懂. 。   不过参考哭死狗的 用了比不用强   之前尾门从来没声音，跑了一次山路后门锁就开始咣咣响， 4S弄了一下不响了.  。   朋友XV对角线停在不平的地方门都开不了，真要强度还得是有大梁的车.    ,舒适性,0,
6520,nuXVPZYlvRAkWEUp,这个车最多的问题就是各种响动,舒适性,-1,响
6532,FyKzxZe3gPlUQOBa,我的四万多公里，六月份就是拐弯响胎，过了十天左右又不响了，不知是不是那阵气温高的原故,舒适性,0,
6534,I5qeOFJzdmjv6n7C,4万了只做了基础保养，机油机滤垫片以及空滤/空调滤各换了一次。除了偶尔内饰有异响，其他好像都不错。,舒适性,-1,异响
6536,n14VZRbcNBMk2sCY,cvt异响，40收油顿挫,舒适性,-1,异响
6538,GEUPoCKX62HZWOsY,没错，斯巴鲁的四驱确实不解，一侧车轮连续压在分道线上更明显，都不需要车道偏离预警，压分道线的那侧的轮子会发出呜呜的连续声响，车子偶尔会出现轻微的左右小晃,舒适性,0,
6568,C9Nsyr2eEqvO0IaH,我的16款，每次冷车启动无论四季，都是稀里哗啦的响一阵子，挂上前进挡立马安静下来。真牛！,舒适性,0,
6573,2Qq6gbxPeWCYwOXl,高人，请较个问题，我的是16款2.0森林人，目前16000公里，最近发现车子大转弯时常会有咯吱的响声，是什么因啊，以前有没有也没发现，微信一段时间才发现的?去四S店看了两次当时试车子也没发现这个问题。    ,舒适性,0,
6575,jokt9AdNL0vO2fCe,我的16款的，一万六千公里。现在也是拐弯响    ,舒适性,-1,响
6576,jbtDWk1MXLZ9zRJi,你的是几月份车，我的是16年4月份车2.0时尚，空调压缩机启动后加油就能听见呜呜的音声，不知道正常不？    ,舒适性,0,
6594,7CFiRxOD8oapTzlV,斯巴鲁用的据说是爱信的链条式cvt，也是目前市面上反响最好的，这一款匹配的是斯巴鲁的四驱系统，其他厂家也没法用。wrx用这款cvt可以进到4秒。而且从未听过cvt损坏的新闻，从未。,舒适性,0,
6595,dgoN4IiZw5Xh7leu,硬，舒适性降低，其实本来舒适性就不咋地。     ,舒适性,-1,硬
6601,4PX6DIKAzpWOsfr1,没办法，我的16款新车，也这样，毛病一大堆，各种异响就忍了。我的开内循环密封还不严实。外面异味大的时候都能闻到    ,舒适性,-1,不严实
6602,aOsvdDugZ0WkxXSP,某宝  买过  安索20感觉神话了，红线30 三千公里后声音大。 途虎国产极护30 感觉也一般。 最近某宝刚上1升台湾新日石30 已跑600公里 收油滑行较长，30时速顿挫减轻， 怠速 高转 急加速 声音都不错， 比较静音。以上个人使用说明，,舒适性,0,
6622,72UBMZvmx39zDcRf,我的也响 这个好换么？多少钱？,舒适性,-1,响
6634,rRwY4FAgKCXu0Dtq,请教各位大神，森林人08豪华款车的后轮轴承什么型号规格？我的后轴承也开始在响,舒适性,-1,响
6645,Cwel1caXT0RHxF7M,NX内饰比森林人豪华，行驶舒适感比森林人高，森林人偏干活型的，视线非常霍亮，不挑油，好养活，就是异响比较烦，森的顶配只能买NX的低配，NX的顶配落地都要60万了。看自己需求,舒适性,1,高
6646,UuL0oaw3RJ1Afx56,骚气 不过感觉比我看到的wrx亮一些应该是光线和拍照的影响,舒适性,0,
6661,sTxDbvnLHJNjaYR4,其实 我觉得这破车就这吊样 刹车异响和途安一样 路面坑哇 就颠了 抖抖更健康 只要不漏油,舒适性,0,
6667,6EXk1ZtIqxvKiGbL,兄弟这个刹车片装上后，不会像原装的那样嘎嘎的响吧   ,舒适性,0,
6708,rdmnKfkM5qJBx6Qs,我开的那辆是的，奥迪小毛病多，斯巴鲁目前还没有。但是其他人森林人反馈减震器和烧机油比较普遍,舒适性,-1,毛病多
6712,MT4YtvFeNr5sb7OL,带空调面板吗，那原车拆下来的空调面板出吗,舒适性,0,
6722,nP4vfDp3oKQcATsw,我的自己做了隔音，4门，尾箱，4个轮毂效果还是有的，其实森林人主要还是风噪大啊,舒适性,-1,风噪大
6729,Aj9T8s5pod0WDEm4,就服你了   多买几个空调格勤快点换，就没这么折腾啦！,舒适性,0,
6745,kc8MUGnoBLjflyhQ,挺快的啊，虽然家里人口多，平常上下班也都是一个人开，后排座椅好像没加热吧，制冷效果可以了,舒适性,1,可以了
6746,9UwbpQKz83ljhSMe,把空调滤换了，不行只能洗了。平时用空调在关闭冷风后暖风吹个几分钟可以防止空调病。,舒适性,0,
6749,umazYArZOUCLIiFQ,不是双蒸发器的后空调有用吗?本人在华南地区，感觉森林人的空调只有你怕他太冷了.,舒适性,0,
6750,VFq7CMI0tD2vSBLE,空调很好用。我专门选的没有后排出风口的车，后排坐老人和小孩，怕吹,舒适性,1,很好用
6751,MSFu6P4fdcGn7U9s,16款车主觉得这车空调土味大还有就是我每次开都要开到21度，强力吹风，没觉得夏天这车空调很给力,舒适性,1,很好用
6754,FIPdQr0sSw6Z7N1p,没错～不过森林人的空调还是很给力哒,舒适性,1,给力
6759,psj9fJQlD0dt2GvV,在车厢内能听见空调滋滋声吗    打开车窗有时候会听见这种声音，声音只会持续一会  在车内听不到      会不会也中奖啊。。。,舒适性,-1,滋滋声
6762,NeafupRvrJ19g4BS,万分感谢，正准备清理一下空调，土腥味重的受不了。再次感谢！,舒适性,-1,土腥味
6807,eBOoRlqn9vMjNYSg,有开空调吗，或者车上有加装其他增加功率的设备？,舒适性,0,
6809,y1GeW8jgAv0Z6rMo,我的16款2．5是不开空调特别抖，开了空调转数高了好一点,舒适性,-1,特别抖
6837,SRbQ1gABUyaLsZCq,另一网友建议用auto，试过也有些效，至少会自动改变风量来作一些调节，可能低配版的空调就这样，压缩机基本不停的。,舒适性,0,
6850,eYKIwEqaf0MV3Ag6,2.0山路，满载空调，吃力，2.5勉强，也好不到哪里去，注重动力，还是2.0T。,舒适性,0,
6853,SJGu9rl3nCDMObyQ,刹车片、轮胎市区用用问题不大，轮胎老化比较厉害最好不要跑远路，御乘是城市SUV胎，操控性、舒适性不错！,舒适性,1,不错
6894,qmQAeY1iWVwDs8o7,开过奇骏2年，操控性稳定性及噪音都没法跟森林人比。后选择了2016款2.5森林人,舒适性,-1,
6896,9QayB6Ab7U2xoTi5,确实不比BBA便宜多少，但是质量杠杠的，到现在为止只换过磨损件（我是换了前左右下摆臂、球头、四肢的减震器，毕竟18万公里了。而且我都是马大大那买的，便宜！）,舒适性,0,
6899,fsiluLachW4Y5T3q,一般都不用，别可惜了！先不说频繁启停带给启动系动更多磨损，就说发动机停了，空调、灯光、音响也许正开着，不亏电呀？,舒适性,0,
6903,aD86qrVujl1SIOK0,平时空调制冷快也够，其实不用也行，当然马云家也有加长版的排风口（专门对前排座椅下面的），装了又提高了不少，楼主可以试试。,舒适性,1,制冷快
6908,G5P3SLKmf9hTdwvr,森林人的空调比我另一台两厢威朗厉害得多，基本上这边设置25度相当于那边设22度，那威朗可是空间又小又有后排出风口的。,舒适性,1,厉害
6923,2qcIgWTQOCAUK8zR,曼牌贵了点，不过赶上做活动120多元能在京东买空滤和空调滤。我觉得德国博世的就挺好50来元，至于活性炭不要迷信那玩意，没啥大效果。,舒适性,0,
6928,B43Mhx6TdgZnvFje,空调滤芯很好换，论坛里面有教程。,舒适性,0,
6940,OleiJE2cLowa0ybq,2.0更适合你。我平原，高原都开过，连尽是些硬派越野走的上坡烂路一样过了。2人 长途行李，没问题！只是爬特陡的坡发动机声音大点。,舒适性,-1,声音大
6989,DjBR3lKVHYsu7vy2,哥们，我的是2.5的，p挡或n挡时候有点轻微抖动，知道怎么回事么，新车200公里，没开空调,舒适性,-1,抖动
7016,QPRJptciqK69ovMg,这玩意质量超级好，随便开。油耗肯定大些，噪音也大些，舒适性也差些，最讨厌是喜欢夹小石子，不过开的爽也就值了。,舒适性,-1,大些
7044,5n7FK4heAlzOoRbf,首保不管什么油就用着吧，二保以后我是直接在4s店换了金壳，虽然也要5000公里换，但值。噪音，振动，油耗都比白桶好。,舒适性,1,
7068,XMZK10mjQw32zbVR,我用同样方法，森林人至少风噪小了，当然我也加了静音计划,舒适性,1,
7076,YWzkc5LymuVNOD4l,反正16款没有觉得有什么明显噪音（100公里以下，120以上听到风噪，140以上车顶风噪噗噗，其他还好）,舒适性,0,
7091,yYzCtAohi6UbVJce,换全合成机油机滤，440元。空调滤芯60-80元，空气滤芯40-60元。其他的无。,舒适性,0,
7111,XlB4QgH52ozwctUj,用3大品牌的，摩特8100衰减太快，3000多公里后噪音很大。,舒适性,-1,
7116,75znEqbtNHP09wXG,如果使用没问题的话就是空调有问题。,舒适性,-1,
7120,nhf7RlrBFko2m1ZL,内循环，黑车空调费劲。,舒适性,-1,
7125,hzNAPkvr4e1L3wIy,您好，是换了sd碟？皮是什么型号，刹车皮磨损厉害么，噪音大不大。我最近纠结是四轮pd碟 前轮ec皮，还是前轮sd碟 es皮或者m皮，后轮不动。,舒适性,0,
7134,kED9wtuBAGFIyLgi,我这14款导航版，原厂的太次了，想换一个好点的主机，音箱效果能强一点就行啊。。。请问大神有没有好的推荐！！！！！！实在受不了这音箱效果了。。。。,舒适性,-1,
7136,E7Sevtral6qmhpRN,我的现在开空调 95到97℃ 如果爬坡时间长了会到104℃ 爬完坡再跑一会 温度就又下来了,舒适性,0,
7151,SQYrLZTpu8649Esk,2013款 2.0i 四年了空调还很给力，你的新车不应该。,舒适性,1,
7152,pNc725AEClyRjmrd,同样的钱可以买顶配的阿作为家用车 奇骏舒适性明显占优 老人孩子坐着舒服 后期保养经济性也好小森的优势在于水平对置发动机左右对称全时四驱系统，重在操控、驾驶乐趣,舒适性,1,
7157,HVL8Oj4siyUoa3nG,刚才开又有点冷气，不是很足，除了出风的呼呼声还听到漏气的滋滋声，停车后没有空调水出来，看来要去4S看看了,舒适性,-1,
7163,hBNtv2EXF4P7aM8J,一百多也就撑死107好像也再不见高了，盘山路 空调,舒适性,0,
7164,0IH47cF825WXnrft,刚买回来胎压2.7，高速声音非常大，1000公里4s店调整到2.4，现在噪音非常小,舒适性,-1,
7174,mInv3oYjhadEbez2,最好去4S店看看。 森林人的空调我一直觉得相当给力，明明没有后排出风口，但是后排却比前排凉。,舒适性,1,
7176,mSJYkjE9gpIa6xnd,比科雷嘉差太多，坐完科雷嘉再开自己的车，真的很吵，最明显的是发动机噪音，可能是发动机舱的隔音太差。,舒适性,-1,
7184,PGnlc5SMQYWzuLHt,不过我车没怎么修过，换了个氧传感器，国产的，换了个下支臂，国产的，后避震一套，也是国产的，空调开关被一2比灌水了，换的是拆车的。都不贵,舒适性,0,
7190,pO7qoSKg8LfuMiRd,唉，本地4S已无白桶，也不知道它们用的什么垃圾油，油耗高噪音大，价格还死贵，简直失望至极。,舒适性,-1,
7193,nuOzKChxTgVIsF6a,没有就没有吧，森林人空调还算给力，最遗憾的是没鹰眼和导航音质太差，其他都不算啥问题,舒适性,1,
7196,8Uw5f7WA6EvbQ1st,楼主你好，换机油、机油滤清器、空气滤清器、空调滤清器、汽油滤清器，还要检查一下发动机、刹车系统、底盘，转向系统及尾气排放，轮胎磨损等，这个直接去4s店就是了,舒适性,0,
7206,WNG9RE6ToIpM8rlm,我觉得森的噪音还是控制的不错，至少比我原来的小福强不少。,舒适性,1,
7211,DtIsWbC1aYwjydEN,我发觉16款发动前钥匙先放在ACC位置，再起动，发动机转在2000转左右，声音比较轻，直接起动，发动机转速表要升到满格左右，发动机声音很响。,舒适性,-1,
7212,PHQfc30DwMF8ILE9,斯巴鲁的车凉车启动后的发动机 的声音确实不敢恭维，太大了，空调凑合可以用，要是放太阳下晒的时间长了确实要把温度降下来很困难的,舒适性,-1,
7216,hvVkQTp9G5CWPcSz,不开空调，国道5.0，匀速60左右最省油，正常得很。一路畅通。昨天开了120公里，开空调最后综合油耗6.4。,舒适性,0,
7221,uYgQF82KaZLds4UW,我16年10月份的，基本上就是安全带卡扣掉出来的碰撞响。没有其他噪音,舒适性,1,
7239,PJeRV3kcoQizNWM5,12款森林人2.0减震器多少钱？,舒适性,0,
7244,HSFUvVTwMtfj73WR,手动空调的时候启停是不启动的,舒适性,0,
7251,ASxFWfDhOVQ2jstY,车子停下后怠速开空调负荷较大的情况下，启停是不工作的，也是对车子电瓶的保护。,舒适性,0,
7258,PWCMOabsHyruL1ji,装了这个后高速风噪大，而且很多地下车库有可能超过高度，确实也不是非常有必要，装行李杆就可以。日常来说尾箱够放东西的。,舒适性,-1,
7259,JrBI4Gc5UqnRks7m,最好别装，车速达到120时，噪音很大，,舒适性,-1,
7272,Yl79f3qrvztnpTsB,和森有啥关系？一般的手动、自动汽车空调都这样设计，外循环优先而已。,舒适性,0,
7275,1AFNwOJXP730oL8b,空调我觉得不错啊，西安高温时真的受不了，我温度一般调到23，再低就感觉挺冷了，媳妇带孩子坐后排都说冷,舒适性,1,
7291,jVCA8S0qEuYO2wHX,电瓶一定要好好看，之前在库里电瓶是断电的，再接上可能会出现问题，电瓶应该是日本原装，上面为日文，多开电器空调试试，原装进口是很耐用的,舒适性,0,
7295,ETHSWqRC0tK5p2De,前几天去杭州，坐了一下荣放，底盘太硬了，舒适性跟森没得比，内饰也是挺寒酸的，噪音控制一般,舒适性,-1,
7298,zH8s51WXDbcOdyF2,加行李箱风阻肯定会大，风噪会随之增大,舒适性,-1,
7302,a8yBGz1UwWXPrfZ0,空调启动后按AC当然关掉了，但有什么方法让他一开始就只出风，不启动空调？,舒适性,0,
7332,IGiwEM2LdAh4BjSz,自由光的内饰也好不到哪里去……16款森的内饰提升很大，其实并不掉价了！不过自由光的发动机静音确实做的不错！,舒适性,1,
7334,f4CWr6IlFtehkmij,其实不是虎鲨发动机声音小，而是自由光前排是双层隔音玻璃，另外隔音也做得比森到位。,舒适性,1,
7340,E5O9FG1vZT7iRBbI,新车有一点糊味，我当时也是；新车经常开窗；如天气热，开空调就外循环，几天味道就散了，比其他车要好太多了。,舒适性,-1,
7349,oyz0XcNHAh9FqnJL,我用的就是金美孚0W-40的，一壶刚好5L全倒进去了？新疆主要夏天温度还是有点高的！盘山路啥的空调开着经常100多度，好像也没看出来机油有损耗！,舒适性,0,
7368,LAiORIJtfVjHmgNl,是的，估计就是刹车皮的摩擦音,舒适性,-1,摩擦音
7400,ZBuzIhfd5O9jpRUw,不开空调的话不太可能有这种情况，只有在潮湿的天气里突然开空调才有可能冒白气~,舒适性,0,
7417,qyxFuEZQNSOfvIVa,用料绝对同级算好的，再加上原装导航，我觉得对得起这个价位的内饰，而且进口车用料还环保一些。其他国产和合资的内饰用料，那个气味呛人。,舒适性,-1,气味呛人
7421,WqGbIQaBM365SysK,……我看视频也就是一走而过而已 另外森林人四驱不是为了越野是公路湿滑路面 另外老森 姥姥森 改减震 防倾杆 操控基本非常好了 比很多轿车都好了,舒适性,1,非常好
7464,NyiWLv08uoR2n7dt,刹车后半段感觉刹住有次差点追尾感觉比驾校烂车还靠谱 空调给力风力强劲冷气足 同意！！！！！,舒适性,1,风力强劲
7477,5HiSjb49o1e7VUYA,FB2.0正在用，跑2000多公里了，市区走街高速运动感觉不错，噪音低,舒适性,1,噪音低
7483,rpQqsB9zVuXOYgAS,空调26度就已经挺凉爽的,舒适性,1,
7486,iBCl52GhUFZtxXwp,异响比较多，别的还可以。,舒适性,-1,异响比较多
7494,Rpy6hVDEfUMsHKIr,你是指氟利昂漏了吗？如果没有氟利昂了空调压缩机不转的   ,舒适性,0,
7518,KMJ2S9nNjxwuBW7k,傲虎后备箱大，森林人坐姿高视线更好，看你主要需求什么,舒适性,1,坐姿高视线更好
7540,nDOBFj0GYWi8sCP7,后排座椅 格叽格叽响怎么办  谢谢,舒适性,-1, 格叽格叽响
7543,34rS0jEBQwyveC5L,不厉害，会心疼，烧机油让我碰到，异响让我碰到，不过现在好了    ,舒适性,-1,异响
7551,Pi8EILkO9tdrcRv5,都检查了 说没事 那个异响说是从方向机里出来的    ,舒适性,-1,
7569,dvuVWX64UYA5exEH,空调可能漏了 去四S店检查下,舒适性,0,
7578,CXYkf9u2jiem5b7r,欧蓝德舒适比H5强，H5越野比欧蓝德强    ,舒适性,1,
7583,E8gzhm6pQW2t0XJb,冬天感觉不到多少差异，夏天差了空调那点动力,舒适性,0,
7604,CUnVs70tvxBzImZb,轮胎静音舒适就是米其林、马牌这样的一线品牌，但是梢贵和耐磨性相对不足。,舒适性,0,
7617,x501EpURkaVnIl6Q,就是有点抖，天窗有点漏雨，防冻液有点漏，座椅有点臭，内饰有点糙，有点生锈而已啦。   ,舒适性,-1,座椅有点臭
7645,BxLlVbcpT3fwXNh8,同时搜索欧蓝德断轴，欧蓝德抖动，欧蓝德自燃，欧蓝德空调问题，欧蓝德座椅臭味    ,舒适性,-1,空调问题
7722,vqaIrjURK0c7me1i,我自己是森林人车主，现款途观L也开过几百公里高速。总的感觉途观方向盘比较轻，内饰科技感高，整车也比较扎实，但是1.8T油耗不低，视野不如森。保值率还是大众好一些，不过看你更在意什么了。,舒适性,-1,视野不如森
7729,vVZMTYEfLse4lRz1,不是，我不转方向盘 。只要打倒挡就有这个声音。持续不断的    ,舒适性,0,
7743,FIwt4OBAHhuU3xLC,我试过新XV，隔音还不如森，坐进去内饰有廉价感，底盘是比森整，如果不是预算问题，肯定选森，不带犹豫，XV我当时根本就没考虑过，一般都会在傲虎和森中间纠结，所以还是加钱上Q7吧~,舒适性,-1,隔音还不如森
7750,jEsCKoJYLieaMmUX,这底盘和轮胎，楼主心里没点数吗……,舒适性,0,
7760,fXcI45Jh9KLZ8oB2,原地打方向没什么声音 但打死的时候金属撞击响声特别大 平衡感胶套前后都新换的 但是过砍的时候前轮还是有咕噜咕噜松散的声音 感觉底盘不是很紧凑    ,舒适性,-1, 金属撞击响声特别大
7765,5vxzPMuGWe8YjNhT,感谢楼主朋友的热心分享我的爱车不是底盘有异响刹车也不异响就是内饰里面会有，车内后视镜,舒适性,-1,
7772,BoFI3dRk7TywM9am,你想实用就汉兰达，虽然性能确实不咋地底盘高度只有180mm（别看之家数据，汉兰达底盘最低点竟然是排气管，而且满载更低），但是丰田确实设计的很人性化，空间舒适没的说。想开的舒服，有通过性和安全性，关键时刻考研底盘极限的时候就买森吧。当然森的实用性也不差。就是比汉兰达空间小了点，人家可是个7坐车。,舒适性,1,空间舒适没的说
7776,xMj09EfNeIyqB6iH,2.0森市区油耗真心不错，我基本市区用，现在用了一年才开了七千多公里，统计最近三千公里油耗，均速18，油耗9.0，同路况比我家1.8老福克斯省油至少2个，而且小森视野和通过性好，转弯半径比好多轿车都小，去年夏天城市内涝无压力。就是底盘太高了，过坑瞬间比轿车晃动大    ,舒适性,1,视野和通过性好
7794,wZHxVX3j2iqKGNLQ,2.0i 豪华导航版，春节前提车刚过5000，做了免费首保。高速驾驶与市区行驶路程比3：2，偶尔越野，目前油耗7.4，单次行驶最低油耗5.9驾驶体验超级棒，尤其是高速过弯（110左右），安全感极高。视野极佳。不满意的地方：1、国内换装的机头，蓝牙连接，没有carplay，音效一般。2、隔音，上了110就比较明显了。总体用车体验，非常满意。今天去专业越野场地试驾，真正感受一把它的越野实力。,舒适性,-1,
7803,JMN4AdipXzDvLyYC,真实车主给你的答案：操控非常好，视野开阔，可适度走烂路，车没什么小毛病。不足是座椅舒适性一般，内饰较普通。油耗只能说一般。,舒适性,0,舒适性一般，
7820,tWekGMPpKu86X4o3,全时四驱，无论是暴雨还是晴天跑高速稳稳。视线好，重心低高速过弯较爽，油耗低。缺点，内饰太L0W，还偶尔有异响，车漆薄，软，中控山寨，音响属于能响的水平，4儿子店少    ,舒适性,-1,有异响
7826,6AXrSVnKNCUgLl43,车是好车，开坑坑洼洼的泥路非常给力，适合跑烂路。油耗不高，外表平淡无奇，平庸无比，内饰渣渣，不如5万块的国产车，视野超级好，调好座椅秒杀一切SUV。中国区的4S店只顾赚钱，不去建设品牌，导致售后服务差，配件被日本垄断，换件超级贵。以上就是优缺点，如果不在意平庸的外观和渣渣内饰以及高价配件和保有量，你可以考虑。,舒适性,1,视野超级好，调好座椅秒杀一切SUV
7837,ljoaxQwGqAThP2RI,分享一下个人感受：也是2.5车型，目前里程3万，99%上海市区高架拥堵路程，全里程平均时速21km/h。经常在交通拥堵高峰期间使用S档，每箱满油实际行驶里程和相同路况下使用I档几乎无甚区别，但是动力响应更好，跟车平顺，乘客舒适。目前使用小熊油耗APP记录的25000公里总平均油耗为12.1L/100km，针对全里程平均时速只有21km/h的路况，对此油耗水平已经很满意。,舒适性,1,乘客舒适
7849,6IxXLTgaQuFyjH35,我是13款的，还在质保期，后备箱就有金属敲击的声音，市区平地不响，一颠簸就响，去店里师傅不确定在哪里，要解决的话就得全部拆了，包括顶棚，说是怀疑哪里有开焊的地方，我没让拆，拆完哪哪都是缝隙。。将就下了。现在莫名其妙的不响了。不知啥原因。,舒适性,-1,有金属敲击的声音
7851,5Rf0CxJzMbaBkIXs,真是这样，我之前后备箱附近有异响，过了一段时间，不响了    ,舒适性,-1,
7852,6Fw8d0qDEibjhv5o,这车没办法，是到处响，我是5000多公里就开始后备箱响，这几天前面A柱也开始频繁响了，除非顶棚全拆了才能找到原因。,舒适性,-1,
7858,LfUK7hXlOEmdCMB9,市区开好，安静提速快，后备箱小了！    ,舒适性,1,安静
7863,eGUSAaCRHxsZh6OI,是不是金属哒哒哒的声音，稍微颠簸一下都有，上次去4S 他们把后备箱东西都拿出来又没有听到了，回家又有声音了，自己把后备箱清空后还是有声音，真恼火 1年多了 不消停。    ,舒适性,-1,
7864,prtjgNFJ7mhOGnV8,高速的时候，按开关后半段，等打开到15CM左右轻按开关前半段一下，天窗停止打开，保持在当前位置，不过，风噪真心大，,舒适性,-1,风噪真心大
7865,bUS6c5gvlBJMQfYp,森林人开起来很好开内饰磕碜了点是真的还有高速风噪确实大车是好车，但对应这个价格还是略贵了,舒适性,0,
7868,wFeYb3WmA9UkcCzR,风噪是大了点，也还行，基本上高速也就120以内，影响不大；价格还行吧，车这个东西是一分价钱一分货，不过，贵是贵在税上了     ,舒适性,-1,风噪是大了点
7870,esWSBOArucp5gL7P,接下来要选择合适的密封条了，也请有这风噪的兄弟姐妹找找合适的。,舒适性,0,
7871,r7GWzTsgD8iJIj3H,3元的防水胶布，来试验密封性，价廉物美，就是不好看，我目前只试验了左前，右边情况一样，如果找到合适的密封条，相信风噪可以降低50%以上。,舒适性,0,
7872,1ySmploYDcCUqfx3,18款小森，起步还是有小抖，发动机噪音确实大，超过100码A柱风噪有点大。经鉴定，楼主的正品无误！！！,舒适性,-1,发动机噪音确实大
7874,6H8Xqa15KdOz2SxM,四楼图片，在三角窗前面A柱位置，A柱接接缝处贴上密封条，也会减少风噪的。,舒适性,0,
7875,hByxXT5mJdHSOnz4,只要在三角窗边上有条沟填满东西就行.或者在开车时候超过八十用手指伸进沟沟用力顶住三角窗靠后就会感觉到没风噪，以前也是在楼主的位署贴胶条,舒适性,0,
7876,0MY9wCZARDdIQlq3,朋友，森林人论坛是有名的自黑精神。因为森林人同价位除了内饰和科技感较差之外，其他方面大部分完胜。当然缺点要告诉你:1-起步噪音大2-高速风噪大3-耗油不低4-知名度差5-科技感差6-内饰低档7-保养价格比宝马X1还贵一点，朋友的X1小保养600一次。8-全时四驱满大街都是再也不能装X了,舒适性,-1,
7886,m25iVOTKdUuZcQGL,我推荐你用倍耐力，那轮胎我用过抓地力和胎噪很平衡的性价比也不错,舒适性,0,
7891,TSNXIVBiA8JekuvD,噪音如何？操控如何，有抓地力提升的感觉么    ,舒适性,0,
7893,8zh75rBMA1SNaImD,米其林静音舒服，抓地力不如横滨。自己权衡吧,舒适性,0,
7894,ViQybUjGYCXAOdZu,舒适 静音 耐磨 抓地力 你最在乎哪一种？,舒适性,0,
7905,HUvoV1sCZRmgzXrP,建议你可以等新一代森林人出来后再下单，毕竟半年后就上市了。森林人的优点很多，已经很多人都说了。缺点就是保养价格贵，隔音效果一般，音响系统太廉价！,舒适性,-1,隔音效果一般
7912,Shag7Elj9fPbAFHI,换米胖子或马牌，主打静音舒适，缺点不耐磨。,舒适性,1,静音舒适
7923,INbZHDKnJG4pQ2B7,2.4自由光，两个普遍问题： 1》小毛病多，异响； 2》2.4的发动机，一段时间后烧机油，，， 自由光，若是今年2.0T的发动机用上了，倒是可以考虑，，，,舒适性,-1,异响
7927,I8bTRWjiY4rg1MyA,我这边4S弄好了交车不过也直说了发动机下面没洗，要跑一跑才挥发，***开始那一周一停车就臭死了就是沥青那种味道……,舒适性,-1,
7939,hE7CjYoKt9BXrJyG,你好，你的车加速的时候发动机声音大吗 在车里面听？,舒适性,0,
7946,PZjbJKQhH1COiWNz,是不是货车发动机的那种马蹄声？？？,舒适性,0,
8034,QqXCUNMiB60FlPTA,楼主最好都去试驾或试乘，从车辆的动力性能（比功率，最大扭矩及最大扭矩转速）、安全配置、后排空间，舒适性等方面进行列表评估，根据需求选择最适合自己的车辆。,舒适性,0,
8038,EZVwqPRzrl9UWGHb,Q5的***当然高于森林人，外观内饰可以吊打森了，但是以下几点也要留意： 1 国产的奥迪 Q5，传说内部味道较大，只是听说，介意的请自己去体验； 2 现在的 Q5，托森中差大概已经抛弃了，四驱还叫 quattro，各位看官自己体会； 3 Q5乘坐起来内部空间横向比森好，纵向不如森，轴距较大，主要是前悬小（宝马也是这样），18新款 Q5L应该空间可以了；,舒适性,-1,内部味道较大
8041,rH1eTb6yuVcDw7CO,要加速快买跑车好了，带个涡轮起步就像打鸡血，何必花钱买suv，suv就是要空间大，视野宽敞，能吃苦耐劳，动力反而不是第一位的。,舒适性,1,空间大
8044,Nk9oY80e2wfisctF,我选森林人，空间坐姿都好点,舒适性,1,空间坐姿都好点
8047,St8RUYQfJM5khbdH,谢谢大神建议，据说新森（不是美版）也要出搭载WRX的涡轮的版本，并且还有混动版出现。确实有些期待。本人也喜欢LEVORG（动力和空间太诱惑了！））不过有些担心现在国内开惯了汉兰达，换成低视线的车子不习惯。所以犹豫ING   ,舒适性,0,
8054,MK5qx0NUE1jhHSnW,花30万买个crv级别的suv，差不多价格的论外观，***，空间，舒适性好像都不是最好的，不比操控我想不出买森林人的理由,舒适性,0,
8061,xhg2dQXkztb6PWN5,额，我当时是想买宝马318的，我女生，个子不高，就是觉得森林人视野好，买了，现在也觉得有点后悔，应该买 a180奔驰的，森林人操控，视野，空间都很满意，就是一个隔音，胎噪件15万的车都不如。听着心烦,舒适性,-1,个隔音，胎噪件15万的车都不如。听着心烦
8065,7HdUuITX9ti6gCbB,我买这车就看中这几点:轴距短拐弯方便，视野好空间较大，进口身份安全性高，四驱雪雨天气更稳健，2.5排量大油耗低。,舒适性,1,视野好
8068,1okWMzfVI4uY5Qrm,俩车我都有，想要开的舒服就森林人，空间大偶尔还能撒野，想要有面子，坐着舒服安静点就途观。俩车4s保养差不多钱，不过大众保养更方便。我的森2.5fb不烧机油，我感觉保养严格按照说明书来保证真品机油，不会烧机油的。还有喜欢开森的，不太喜欢开途观，涡轮车也就是高速动力好，2.0t市区跟车动力滞后，跟车很不舒服。尤其是碰上加塞的。,舒适性,1,舒服安静
8070,kq863Cfw0xljgKWI,欧兰德卖得怎么样我不在乎，我目前开开了近2万公里了。挺省油的，大致都很满意。空间不错过年去丈母娘家撸走不少好东西 ，四驱如何没试过，因为舍不得豁。起步比较肉。中后段很给力。确定漆面太薄，座椅偏短，支持不足。特别是后排太硬。现在车一般都我老婆开。我喜欢骑我承载灵魂的大排    ,舒适性,-1,后排太硬。
8075,nJbR1iAFjQPma928,当初买车就看中森的安全性和车内没味道，空间也还算可以。。。。。其它什么操控四驱都没兴趣。。。。另外就是喜欢森的外形   ,舒适性,1,
8082,OaCAQ9qRtJ7mLUfs,汉兰达吧，就算不考虑七座的问题，它的空间、座椅和减震也比森林人好些，不管市内还是长途都很实用。如果是北方或者山区，森林人会有用武之地。,舒适性,1,
8183,FyRCaHEQg7Le9YPs,熬到3月底，天太热，开空调发现不制冷，只能去修了，一并抬发动机修漏油，换空调蒸发器（漏了），换了前轮刹车片，还做了两个召回项目，材料加上工时费1.7万。上海东安路上的安吉斯巴鲁店。开了几周，发现冷车怠速不太稳，转速高过1500-2000转声音与原来不一样，好像大了，原来一踩油门有点窜，现在不窜了，有点不习惯。,舒适性,0,
8319,W2ipRmGaBISENkxh,缺点每天都有人喷。烧机油，异响等等。不过似乎解决不少。    ,舒适性,-1,异响
8343,NE8ZKaBCSUu7eT5o,出风模式开到吹脚的模式，座椅下面的出风口开始出风，其实，只要出风，后排温度比前排要低   ,舒适性,0,
8349,elE9HY2ziP4qgbIr,傲虎舒适性好于森林人，后排座椅放倒平整的一张床，车身长于森林人，商旅车偏商务。森林人更适合家用，根据用途和个人喜好选着了，通常年轻人都喜欢选择森林人。,舒适性,0,
8350,uWDp7dOQKZoxX9RP,颈椎有点累 我座椅角度没调好吧    ,舒适性,-1,颈椎有点累 
8351,zTl58p4s6PvjtFIY,第一款，买的套装，结果装起来，太厚了点，你要使劲往后躺，可以，但是弹性恢复原来的厚度，脖子是不舒服的 你要把后排座椅放平，然后躺在那里，用这个头枕，还是舒服的， 靠腰也是，装上去，开车也不舒服，太厚，没原车的座椅舒服（短途），不过开长途的话，腰部支撑没有，开久了，会累,舒适性,0,
8352,N8hYMpVekRBqso9F,X1的座椅小的可怜，就像放了个小板凳,舒适性,-1,X1的座椅小的可怜
8353,2FVoW6EmTx8UD7YG,就加后面就好 座椅会平一些 不会像现在凹进去 腰能立起来    ,舒适性,1,
8357,tJcReuFVi0LmQMqY,欧蓝德最大的缺点仅仅只是做工粗糙，抖，毒座椅，空调，小毛病多保有量少没配件，噪音大，油耗高，动力一般般而已，这车最大的优点就是有个车盲铁粉。    ,舒适性,-1,噪音大
8358,95oRap1QfY4e0kmn,干脆移植A8的座椅就行了   ,舒适性,0,
8377,VuNqrjOaHZws2Bov,楼主开这个车，感觉动力还可以吗？带3 个人开空调，怎么样，由于预算问题准备入手2.0的。,舒适性,0,
8383,9uYsLDoPn1E4CKZh,17的圈配的轮胎胎壁较厚一尺寸，烂路稍微放心点，舒适性略微比18寸薄胎壁的好点，轮胎相对便宜点,舒适性,1,
8414,6CmBD1RHTMz5PZaA,我的空调每次启动都“喀嗒”一声，估计过不了多久就会出问题了,舒适性,-1,
8459,hBoQ6wUpTuRC8v5l,这个我知道，我想问的是为什么我已经开内循环了还能闻到车外的异味,舒适性,-1,
8464,TxSWgOcVif6m7jkL,同年同月的车，我感觉还好啊，没你说的那么夸张。我做了个四门隔音。底盘什么的都没做。噪音有，不夸张。,舒适性,0,
8477,9gZ4O6jMLuYVsAzN,不装显乱，噪音也大一点点。,舒适性,-1,
8503,JWVEK4mTSiqcNkoG,楼主对于发动机噪音改善及油门响应的感觉判断都对，确实因为粘度变化带来了这些变化，低粘度30的油适合本来要求20的油，如果向上40，可以考虑靠粘度的30油,舒适性,0,
8508,Yij6XTlLtx3EDupm,别的车系应该是空调在持续工作的~,舒适性,0,
8515,KJlHzRv1kSQtZuB3,森林人整体细节问题，我做了全车隔音，没有喷底盘装甲，130内声音不大，只有风噪还有发动机的声音,舒适性,1,
8531,xG1ZizC46Y3Mt879,你没注意不代表不存在，开过二十多款车，除了混动的电动压缩机外，空调启动都会升转速，不但空调会这样，开大灯，打转向，踩刹车都有可能。,舒适性,0,
8534,QhP83qLzKDo7m1EG,2.0t森林人操控肯定比cx-5好，但发动机更吵。,舒适性,-1,更吵
8554,dsTAJCniuY40xH86,奥迪的维护还是要贵一点，不过高速、市内奥迪的舒适性还是很好的，不差钱，那个贵买那个肯定没错。要是手头紧就考虑实惠点的。,舒适性,0,
8565,2NFX70QwtKPcyjEm,还行吧，只要80码以上不要开窗户，风噪几乎不大，驾驶室还比较安静,舒适性,0,还行吧
8576,xpSE15GRyte2dJrN,我也买了他家的机油 噪音变大 油耗变高 开了300朵公里果断换掉了,舒适性,-1,
8603,RcLwTymgzjhZBW20,我试驾的是2.5的车型，也试过几款其它品牌的车型，森林人给我的感觉很棒，四驱操控非常好，在山路上没有什么太强烈的颠簸感，动力也足，只不过车速度起来以后风噪较大。,舒适性,-1,
8607,qtQgh3swUozk1nmV,11年se能用么？原车太硬，毫无舒适性可言，不知道换这个街道版能否改善？调到最高，比原车低么？低多少？,舒适性,-1,
8618,CF1xH7ihL32zYqO8,在4S店就是需要做常规的项目，600，象换空气滤、空调滤等这些可能在网上买来自己换，没有问题的。,舒适性,0,
8621,4QwLKceUJGpdmEAH,说白了92的更经济一些，但是95的可以给你带来更好的动力，更低的噪音，只不过用车成本会多一些,舒适性,1,
8640,WsSE342RtkYBrAhJ,堵车开空调下雨越野倒车关，其它时间开吧,舒适性,0,
8641,AkRpJCKohm1VfUBe,大家都在想办法降风噪，楼主在这发提升风噪，,舒适性,0,
8657,mvaOrHG6NAZsVuj1,宝马的涡轮做得真心好~~根本感觉不出来是台3缸涡轮，动力很好，只是启停很扯淡，启动瞬间震动确实大。,舒适性,-1,扯淡
8664,ZU2S73kC41Kj6zmn,那不是烟，是突然关闭空调吹出来的雾气。,舒适性,0,
8686,u9wzndLt3lhp5isb,据说装了风噪声一下子很大,舒适性,-1,
8692,AE260MSX7B4KdkPO,噪音，油耗都加大，不是进藏那种长途旅行，没必要。,舒适性,-1,
8699,gVOIFaZy6cE1PkzS,保修手册规定；机油机滤，另外空气滤芯空调滤芯检查一下就可以了。,舒适性,0,
8703,YbGv5uT2F7JcHUVt,机油用安索，空气滤空调滤用曼牌，机油滤用哭死狗，汽油滤用4S原厂,舒适性,0,
8722,MqV9xSnlyoYEZ5hi,还是做一下吧，可以延缓底盘锈蚀，也可以减少来自底盘的噪音，总之对车有好处,舒适性,0,
8733,p4XM5RJ029WSQZGn,四门做个隔音减少共振，换喇叭就可以了，车上那点空间对发烧器材限制太多，suv风噪大，想做到在家听的感觉几乎不可能,舒适性,-1,
8734,0B6FPKdYlQL2iqxJ,跑起来空调管道会进风，不开空调的时候吧内循环按了就没事,舒适性,-1,
8737,JTVE14LAO0tgxGek,我光开个暖风都热的受不了，根本不用空调,舒适性,1,
8739,WDI7ZqFzysE9L4Y6,486新车有异味吗？我可没体会到哦,舒适性,1,
8757,aog1f683ytqmV9Pr,其实现在新出的XV 底盘 骨架， 都很喜欢。就是内饰 看了 无论设计，质感，我的感觉也是跟你一样。我是非常不满意。还不如现款。轮胎噪音 大不大？,舒适性,0,
8770,dcMmVgu47TaBSrUL,开空调因为会增加发动机的负荷，所以发动机会抖动得厉害一点，大多数发动机都会有除非大排量的豪车,舒适性,0,
8772,2TReVNQ7a8lfmHMy,两万公里属于常规小保养更换机油、机滤、空气滤、空调滤就可以了，其他的暂时不换的,舒适性,0,
8782,MiqAzjfSvbxlFOBk,机油机滤即可，空气滤空调滤能用的，吹吹就好,舒适性,0,
8809,wC1GrulA38hiqsgd,米其林不错呀，而且双十二肯定有活动，这轮胎主打舒适静音，性能不一样的，我换的是途虎马牌，也是主打舒适性，价格要便宜一些,舒适性,1,
8870,slRzWtZoFd89g7Sr,保养的价格就要看你在哪里做了，自己买机油，滤清器等材料找修理店做大概只有4s的一半多点，空气滤清器，空调滤清器自己买，自己换就很便宜了，几十搞定,舒适性,0,
8877,t29HJLwVUZpbSkDj,汽车玻璃都防紫外线，但不防红外线。南方夏天热死人。森林人空间大玻璃大太阳照射面积大但空调口不多，特别是前挡，太阳晒的疼。,舒适性,-1,
8904,aWeVrQUzdATliqNm,目前魔都市区不开空调10-11，已经很满意了,舒适性,1,
8953,FOJaRy83je7u41Wp,经常跑高速的话，速度差大一点，可以弥补4档变速箱的缺点，能省油一点。我换的越野胎，通过性是好很多了，地盘也高了，就是噪音太大了，不过我不介意。,舒适性,0,不介意
8957,lJjrUfNtMmF0bQBV,用的很好啊，车身高度提高了，磨损也耐磨了，毕竟厚度厚，就是AT胎的噪音太大了。,舒适性,-1,
8968,h7iTW3vCHbGRVOem,斯巴鲁森林人的隔噪本来就不好，怎么比啊，四驱的性能也不是polo所能比的吧,舒适性,-1,
8974,d4hz16IBAtK9C25l,你这个问题是不是车子保养更换空调滤芯时不慎掉入杂物了？叫四儿子好好给你查查吧,舒适性,0,
8990,6pKrinl25WvaLVJT,用极静超凡熹力0w20 ，包你静音上台阶．噪音根子还是发动机噪音,舒适性,0,
8993,vtA9crw1p5RsUQWL,不介意噪音的话那就倍耐力吧,舒适性,0,
8999,4h0qskOIRbBAKtrV,看看空滤百叶里面是不是夹了个合格证之类的纸片没，我的就是空调开大了异响，拆开一看是合格证夹在里面了,舒适性,0,
9014,WkuY0ThsGOHQXtn5,这车没有太大的可圈可点 2.0最大的优点就是省油 10万公里没出过毛病 舒适性很差,舒适性,-1,很差
9032,N7OkqmnzUXaFYJtA,应该是打开暖风时空调风机的声音，我的也有，暂时还没有处理办法~,舒适性,0,
9033,WSVs8wkZQNuoD1gt,应该是开暖风时的空调风机声音，暂时还没有解决办法~,舒适性,0,
9051,KsQhUMACcLzgEDTl,探界者看起来不错，不过没开过也没坐过。途观是好车，舒适，扎实，德国品牌不容易被当成是卖国贼。森林人优点很多，缺点是隔音一般，发动机声音大，品牌小众。,舒适性,-1,
9061,usn7ovqgm5JAjIbc,A6，隔音，操控，舒适性，森没一点能比。如我换车，肯定会换A6L，前段时间开了朋友的几次。森之是低盘高点，四驱。其它的和十几万的速腾差不多。年轻人还是A6,舒适性,-1,
9083,r42qzXQZkJ0lDyHG,调教偏舒适性，转弯支撑我觉着还不够。我是新车，高速只开过130，还算稳当。,舒适性,0,
9085,ZaO1F3QERSu6vVdr,长途油耗能跑到7，市区就不好说了，12-15都能跑到，风噪确实是120就开始了，100都没啥声不能到120,舒适性,0,
9099,SlFIh95HoqTK2Qxn,你是不是开空调了，开空调了压缩机间歇性工作就这样。,舒适性,0,
9106,Eb0Wpk3KM5uYGJiC,对，不知道这东西摩擦的时候怎么处理噪音,舒适性,0,
9122,ePCR96fyZWTIV3tu,加95.90的没力发动机噪音大，换挡慢,舒适性,-1,
9127,fJR2siDAMg5plLNh,我用新日石的感受是新换完跑三千左右还行，过了以后衰减也比较明显。你看看噪音大的话试试高一个标号030或者530的，但我觉得没有明显机油消耗的话就先不用换。,舒适性,1,
9138,OARIYg317jW9Trax,用020的油噪音是最大的,舒适性,-1,
9165,1tFyZgaHMmVIrRAd,试驾车噪音大是保养不好。这个车看脚法的，CVT踩的好可以非常平滑无噪音，当然还有机油要用的好换的勤,舒适性,1,
9213,sKj37mPiDQ6vS8VY,踩刹车确实累，堵车的时候腿都抽筋，堵车我就把座椅往后调，腿能伸开,舒适性,-1,
9263,MFgYOPbwaip6fuRC,上架子拖起来得关ESP，要么系统启动底盘到处响,舒适性,-1,
9272,8AFrqTowuHEmV5c7,SGP底盘，车身刚性提升70%，操控性舒适性完爆现款！,舒适性,1,
9278,DgSKqBO4mRLy6lcY,楼主是开了空调制热出的暖风还是用发动机来的热风?,舒适性,0,
9294,guYyFc5jvnHosJd9,水温油温还没热上来前关闭空调，就是按那个OFF 此问题可解决。,舒适性,0,
9322,CWaOMkpjA3YGtu7V,加个后排空调出风口更理想了，，，,舒适性,1,
9326,WfIEOViPzgqjQGH8,确实，看车的时候，基本上后排空调口都有，还好森林人的空调还算给力,舒适性,0,
9331,h3IDgviYopJltLaN,速度到80码，驾驶室内（窗户关闭，音响关闭）会有明显的有起伏的翁翁翁的轰鸣声音。这个声音明显和发动机的噪音有区别。。,舒适性,-1,
9333,thM0icOvR8TqoUVj,新车买来就有这个现象，一直以为是正常的噪音，无意中在网上看到有关轴承有问题时在行车中的异反馈，对照我的车感觉比较像是轴承问题，，然后。。。。。。。,舒适性,-1,
9342,XaqHpAIvVQ6KDjke,没啥办法，要么开空调车慢点开，要么不开空调,舒适性,0,
9360,2VDXca0gLGpU7TRW,油耗吗？2.5四驱，别比轿车。操控高于20万，噪音吗，相当于6.7万的水平。 我通常都是开大声音乐跑高速，很爽。,舒适性,1,
9372,jgI7Viem6xQPOfzT,这个样式的风噪高不高没实际试过，但是实用性有待提高，放油孔太小，每次保养都要拆装。,舒适性,0,
9374,a5gOfhGJnb1ZrCjE,不是，我的意思是冷可以开座椅加热，暖和的比空调舒服一些。,舒适性,1,
9378,anmbZCikBo3lvFOf,我装了它的发动机、后差速器护板，没有适合四代的变速箱护板。高速跑到120没有风噪问题，主要是出去玩走烂路、下公路更加放心一点。,舒适性,1,
9392,M2JqWAzDxr3EZPN0,启动车水温灯灭后，开空调，转速快速上升，发动机声也快速变大，且车没劲。各位车友是不是也是这样？,舒适性,-1,
9422,hfDYjGsBEPJ6k2qM,我空调滤和空气滤一直都用曼牌的，没觉得有啥问题，尺寸正好。,舒适性,0,
9442,x9ozEQ75Rp1msevX,我的车门异响，空调出风口异响，尾箱顶异响，格芝格芝叽叽丝丝好不热闹！,舒适性,-1,
9509,wpT1XJHWEzhelbnc,做了四门隔音玻璃薄那点噪音可以无视了，个人感觉喜欢清静的朋友非常有必要做隔音，做隔音最好选专业的大门店。要不就自己动手，每一片止震板都贴得实实在在的。,舒适性,1,
9513,9ZcE8yCgmTOb057V,霸道我发现是后备箱附近在响,舒适性,-1,
9535,MP2edE1X6OSoFx3n,不打开正时皮带盖子你能看到涨紧轮？你能看见正时皮带？ 外面2条一条是空调皮带一条是发电机皮带,舒适性,0,
9545,3f4uh7VLDgM8NO62,夏天内循环是为了制冷效果，时不时的也要调整外循环，换换气。冬天外循环是为了防止起雾，遮挡视线，没听说磨损还能被吹到车里的，你那朋友真懂车，空调滤芯是摆设吗？,舒适性,0,
9562,I3vrJDhHa7enL0TC,问题是我不可能一天到晚都去越野吧！多数时间还是在铺装路面开吧！铺装路北汽的车能开？能坐？学学人家奔驰G吧！既有强悍得越野能力又有逆天的舒适性和隔音降噪水平,舒适性,-1,
9563,5DlMf1v40zAWoYsV,看看外循环进风口是否有异物清理一下（雨刷下面），换空调滤芯，暖风水箱是否漏水,舒适性,0,
9566,59HkJpOLMxovG3Ag,开空调用内循环，开暖风就用外循环，就这么简单，没有你说的那么多问题,舒适性,0,
9664,Jo51teapPSy9NvuC,左右银色空调饰板会反光，我之后都扣掉了。,舒适性,-1,
9693,YI3cWvVtlRkrU7xK,说的非常对，左右空调饰板银色反光厉害（特别是贴过膜），要贴的话最好还是贴成黑色之类的。,舒适性,-1,
9697,s10NEuy93XTH7VLf,电子手刹根本不如机械手刹，可靠性，舒适性都不如，又谈不上多方便,舒适性,-1,
9701,FIs3hSmMoRnCaANO,其实2.0家用日常自驾游什么的足以，森林人配置不差。就是没有后配空调出风口不太爽。,舒适性,-1,
9707,xyz50VG3CRDBhW9w,那是肯定的，顶，教室前后减震都有的，这个，是减震和车身的那个一个缓冲的作用。,舒适性,1,
9724,2czfNEq9GveLBDMT,谢谢，那机油格，空气格与空调格与2014款是否一样？想买配件回来换。谢谢,舒适性,0,
9754,6JfUQ4pKq8wG3hsx,欧蓝德没开过，不过感觉应该错不了，开过三菱的劲炫进口版，开起来很不错，操控比森不差，就是舒适性差点，减震略硬。,舒适性,-1,
9786,r7axeHQl4053UjyA,我的车是后备箱响，在后备箱锁扣的铁挂钩上缠了两层电工胶带，现在不响了。,舒适性,1,
9794,Txjv42Akw3JDaof0,我还是希望小森五代出来，最好有电子手刹还有空调后出风口，不急着用车的值得等待,舒适性,1,
9803,mM8n103LRvkbzDor,要啥SUV，小森这风噪和胎噪没谁了，车身高玻璃大，肯定考虑轿车啊,舒适性,-1,
9828,9dTQ0kOlEH3GPULu,楼主最好都去试驾或试乘，从车辆的动力性能、安全配置、后排空间，舒适性等方面进行列表评估，根据需求选择最适合自己的车辆。,舒适性,0,
9894,jkyvqMmBGeWh8HPx,你说得很对，最不满意的有两点：一是高速风噪太大，不是一般的大，二是偶尔收油顿挫，高速、低速时都出现过！但是并不影响我对森林人的喜爱，瑕不掩瑜吧！,舒适性,-1,
9912,LBSpa6NyDO84cP7m,期待有主动降燥功能，都说车内噪音大,舒适性,-1,
9917,NtDO9KM2TQJYp8rC,风噪大 音响差驾驶什么的，秒杀其他,舒适性,-1,
9935,hMZEBAwkNz8Du714,森林人2.0开了两年，一直在中石化加油站加92#，没啥问题，杠杠的，夏天开空调油耗8.5左右。,舒适性,1,
