content_id,content,subject,sentiment_value,sentiment_word
bhH51z0okFDUvlX4,是说，我比较在意外观的    ,外观,0,在意
nXcjkR4mLy97V6zW,楼主，我其实当初和你一样纠结傲虎和森林人，当初我先选的傲虎，后来发现傲虎内饰还是优于森林人，最起码有个电子手刹啊，不过傲虎个人感觉外观比小森差点，车顶行李架傲虎太难看了。另外傲虎价格略高于森林人，我最后买的是尊贵森林人，傲虎这个价位估计只能买中低配吧，看你银子多少。,外观,-1,差点
8n5orE7FSVIJZckG,我擦，展车都是寒冰银！我们这这个颜色要等半月，而且只有高配车型才有！,外观,0,
g5BeCL9cy1jmf3PE,白色，4S店库房只有白、黑、红三个颜色，主要是白色，其实我喜欢耀目寒冰银色。    ,外观,0,
kd3IeujPNTqviW6A,森林人的白本来就是有点黄，和奥迪那个白不一样的颜色,外观,0,
gDyCLeTpMFGXdvxu,异响能解决吗？车漆能硬点吗？前档玻璃能结实点吗？,外观,-1,硬
w8051LxVzY6tUaCu,是的，银色最耐脏，无奈前一辆是银色，黑色稍显成稳。    ,外观,0,
KxRLJj51F4r6I8Tf,车漆是变色龙吗？一会黑一会紫，有个性,外观,-1,变色
zNFsBQAO1vId7pKG,雷车2013年后改款了，那个前脸改的太好看，再看这个10款觉得挺丑。要不我就小森再开一两年，那时换个13款以后的雷车 ？    ,外观,-1,丑
tCEN34egDmI0YvPc,车衣，镀晶的本身都要先抛光一次，对车漆有伤害的。打硬蜡光泽度，硬度都还行，性价比也好很多的。   ,外观,1,性价比
pl9hDRFZ3srzdS70,13款森飘过，2.0、 6万公里，完全无故障。除车漆薄，车身宽度略窄外，完美。   ,外观,-1,薄
76DOmTYsob3uI0En,白色说实话没蓝色的好看 不过车好 就不挑色了    ,外观,1,好看
mBzTM8ceE51janoL,应该不是拉力蓝，另外一种蓝，我也不是很懂，就是觉得白色不好看，黑色太严肃，实在是没有别的可选择了    ,外观,0,
mDMyt4hHUPCF0KzL,弄哈，挺好看的这个灯，装了逼格高    ,外观,1,逼格高
spau9VDAYCBMT214,方向盘换挡 獠牙外观 好像还有点别的   ,外观,0,
Rhao37yIN02EgtSq,银色的感觉比白色好看。,外观,0,
1RtOMPviF0d6K7fc,12前脸好看，16侧身好看，尾部区别不大。,外观,1,好看
Uvnebkt4Ypix7GuK,个人感觉 全黑中网 后视镜 鲨鱼鳍天线 真心不好看。  除非你选黑色。,外观,0,
G5JgxzK1rqLROswT,几代森林人里，论外观12款的最好，现款空间变大、风阻改善，但不好看。,外观,-1,不好看
PTV6hHl8XE3MU4Gq,明年10月份吧 探界者那rs版挺好看,外观,1,好看
eF51QLyui3lwadxv,纯粹是因为外观我觉得不好看。。。可能是看习惯了原车的山寨。。。   ,外观,-1,不好看
jHy6hACgGITRUYVZ,实用的话一定选森林人，XV其实个人觉得真要我选比较尴尬，没动力，价格跟森林人差不上很多。就是外观时尚一些，也就是升高版的翼豹，当然国内没有翼豹卖了。,外观,0,
VvNXS47Zz9bqG2EB,你们别说我，我怎么觉得挺好看……,外观,1,好看
WDhcBPNdoQS713x8,在我国 外观大气内饰豪华后排能跷二郎腿才是好车,外观,0,
zepWj9IQkObtm86c,空间倒无所谓大多数都是我一个人，我对空间没什么要求。没有全景天窗很可惜，xv有种不上不下的感觉。外观我觉得很一般。屁股很不喜欢，可能是因为短……    ,外观,-1,屁股很不喜欢
itXW0wAa75pvyJVY,我也在纠结是不是要提18款顶配。很是喜欢运动版的前脸和es……就是真的太贵了。原想27万不算牌照上路的。选顶配得多个五六万……,外观,1,喜欢
aA4NLy8uUovHhMgw,特别迷恋啊，过来支持斯巴鲁外观轮廓。,外观,1,特别迷恋
gNzdCVB4bMTFf0iP,银色尊贵，带黑耳朵黑格栅，和这个茉莉绿比，哪个好看？只考虑这俩颜色，准备订车了,外观,0,
RKfHy1B2qUhLTgtv,最近广州车展准备下手2.5尊贵，内饰黑色，外观银色或者蓝色，现在看到这个绿色又多了到难题。,外观,0,
Jbwlio7hLNPYaUTB,这款是最漂亮的特别是前脸越改越丑,外观,0,
UBJ65cihLCjAkqb7,我搞错了，科雷傲是和奇骏同一个平台科雷傲是适时四驱，除了外观不一样，里面的性能差不多   ,外观,0,
QNaZleBw5H42Op0X,那个后面空间小，而且不好看，屁股太短   ,外观,-1,不好看
0J1IkR8cGue4MBmQ,一直都很好看 就是性价比不高 贵了,外观,1,好看
vbOkxmaF1PAjc2Uo,豪华版外观看有没有后视镜转向灯，时尚和尊贵无法区分。,外观,0,
MhUCeXW4IJLuFE3o,好好看看说明书，小森的冷却液何时换，你就知道需不需要了，当然少了需要添加,外观,0,
i4wo6usMqzCZcA75,看来看去还是咱的小森好看，开了一年都没有啥问题。,外观,1,好看
8PbWSNwc6B2vImCJ,配置嘛性价比最高，外观上前保险杠和后尾翼跟其他款有区别。,外观,0,
pysamriCg2B3xTIo,CX-5不错，就是不是全时四驱的。但贵在是国产的，价格便宜，二者相比而言推荐CX-5。若是美版的CX-7国产的话，是个不错的的选择，估计售价和森林人差不多，外观内饰发动机都不错。,外观,0,
MjFU0pLxHrBhQsPy,前脸标志两旁的镀铬条原厂就是这样黑的？,外观,0,
qF5L23RvAXMCWuy8,怎么不上BBS RG-R呢？ 看看还是BBS RG-R好看。   ,外观,0,
VKiw4yX6zYlLMack,白车真好看，等楼主上图,外观,0,
I0TtvoMChE9bwzLi,16款2.0的不是氙气灯，我换的这个，效果很好，高速只开这个近光一般就行，稍微有点散，但能接受。散热是物理的，温度不比卤素灯泡高，雪莱特是风扇，但价格高几倍。,外观,0,
OLk86AxvWb2IMX4y,我在买森林人之前也是考虑了Q3  觉得外观好看，质量也是杠杠的 而且也是知名品牌，最后还是感觉空间小，维修保养也不划算，虽然森林人维修也贵，但驾驶感觉是没得比啊,外观,1,好看
BaFdXcWgAOQCNimo,相比你的马自达，颜值差，动力差，油耗高，异响多，操控差， 08年的一旦维修起来配件要命的贵，必换的一套正时大概2000多。除非你懂修车，会找拆车件。08年的国三排放，将来出手都不容易。2.0的应该不如你的1.5动力好…唯一好的大概就是空间大点吧，通过性强一点，否则真没必要换车，09款车主真心话…,外观,-1,颜值差
RBtJIyiqs8UZbvAC,等新crv上市再考虑买不买！现款太难看空间感觉比森稍大一点,外观,-1,难看
8LtIGiA0KOUzqZDs,斯巴鲁全球执行统一品控标准，美规、日规、中规版本基本一致，外观和内饰及配置方面略有差异。国内斯巴鲁销售基本由庞大集团垄断，所以选择性比较唯一。,外观,0,
yBczdNFpVAGXfJgj,原来我也想买发现神行的，觉得外观好看，品牌过硬。但据反映小毛病多，而且比森林人贵不少，最低配置根本看不上眼，全时四驱也不如森林人。所以实惠点还是森林人，要地道点的路虎得顶配级别的，这价格就差别大了。,外观,1, 好看
c1dVuZrCQTb0n5YI,配置款式都很好，个人觉得踏板多余，容易弄脏裤腿,外观,1,很好
jx67IQbKegXVn29w,建议17奇骏至尊，新款的外观、内饰肯定认可度高，主动安全配置比森强，日行装逼利器和后排出风比森强。我也中途插看过奇骏，但是我个人不喜欢日产这个牌子，说服不了自己深入下去。。。,外观,1,认可度高
d8iTSu5GgQfwYFx6,说得好! 我给家里领导也是这么说的.听完的我说的，她总结到:你买了辆外观丑，配置差，噪音大，还颠的车?我说把钱花在看不见的地方的车才是好车   ,外观,-1,丑
mlNorczdJFvPExIY,我也在纠结这个问题，2.4高性能版本据说是通过JEEP越野评级认证啥的，挺牛的，配置非常高，但是真心外观太小，森林人感觉综合素质要更棒，说归说，仍然纠结中。。。,外观,-1,小
KcEvYO9XIrsJu7C6,尊贵性价比高，少的配置后期再加也不便宜，还折腾时间，其实主要看你在不在意用那些钱买尊贵的外观，要在意外观就果断尊贵，不在意豪华就挺好，要么上特装也不错,外观,1,尊贵
LZyFwfO2IUaS7P8k,外观和内饰改动的不大么，外后视镜挺炫的，不知道动力总成怎么样,外观,1,挺炫
IFEhVANgacm8f3Hx,是啊，外形改改，内饰改改绝对牛！现在这外形很中庸。而他的内在没有机缘接触过的人很难去理解他    ,外观,-1,中庸
hoKEiqnSzjXvrI8P,我来解释一下吧，帕杰罗劲畅和超级维特拉在内饰、油耗、操控上均完败在一众日系城市suv里，外形被人的接受度也不高，并且在国内长期没有换代，而且更重要的是三菱和铃木的四儿子店稀少。    ,外观,-1,接受度不高
4p7LktXQiPr3ocCw,我选森林人，是觉得森林人正和我的要求一致，从外观到内饰、底盘高度、全时四驱、安全性、进口车...也是奇怪了，在我的30万预算内，真找不到第二个，是啊，要是预算五六十万，肯定买宝马...森林人的内饰是简单，但实用、没有无用的，免得满屏幕找信息...正面看森林人有些窄，要是和Q5一样宽，就更好了。侧面很好看，宝马也是这样的外观...    ,外观,1,要求一致
M3qbtLYkFUvIrjug,5代机，按理除了平台、外形内饰升级外，动力也应该顺应时代增加蜗轮机比率:2.0入门、1.6T主打、2.0T顶配。不过话说回来，斯巴鲁主要市场在美利坚，他们更喜欢自吸2.5、3.0、3.6。。。之类的。,外观,0,
4z5mDQt68BFowvke,刚提的2.0豪华，时尚就是外观时尚一点，多个尾翼和轮毂，内饰就多个拨片，2.0小屏幕显示比起2.5少太多功能，个人对獠牙前脸，换挡拨片也不是很有感觉，要是当时有2.5的钱就汉兰达了，所以，适合自己的就是最好的,外观,1,时尚
ULGEAKnOdD1pNu7I,肯定等新款，这马上换代了，外观大改，内饰大改，四驱系统升级，发动机升级，听说还有小排量涡轮，等换代车型出来，选择多了，买车就不会有遗憾,外观,1,大改
IR9isDblL3knqVXS,你去网上看，外观大改，内饰跟新款翼豹内饰大致相同，动力跟四驱都有所提升   ,外观,1,大改
Rf38m1BdtXxYoHaC,城市拥堵路况，昂科威1.5T会省油一点，内饰、舒适度也是昂科威的强项，但是它的精华款是2.0T的，与凯迪拉克同款机芯，美国品牌车重，要动力必需2.0T，当然价格也很美观。缺点么，1是外观不年轻老气，2是叫啥销子的质量隐患，有断轴风险。从楼主描述来看，天朝特供的昂科威更适合些。,外观,-1,老气
xVjlafAcHEhGZgdU,当然选择森林人，外观方面仁者见仁，我觉得沉稳大气，不容易过时，内在更不用说，全时四驱，水平对置发动机，日本原装进口，用过你就知道性能有多好，唯一不足的就是内饰，略简陋，武汉市区也较拥堵，百公里油耗8.6L，高速跑100-110之间大概6.5L左右。,外观,1,大气
pDVJ3h6gO2vtXeqM,遇到同类了啊，我也是喜欢蔚揽跟森林人，心理更喜欢蔚揽，但是呢，销售那里价格下不来，要是再降一万我可能就买丐版的2.0t了，森林人呢，我同事好几个都是斯巴鲁，xv多一点，这个16森林人视觉是没有蔚蓝好看的，我个人觉得还没前两年的耐看，但是通过性高啊，四驱啊，再说了，最要命的是跟销售聊得火热，我是个爱面子的人，下一个车目标就是蔚揽R，贵个几万，没办法，谁让喜欢呢,外观,1,好看
WlqbdziEtaOKw89B,很抱歉之前的没说明白这几天也是乱了，2.5那个真是很喜欢，但上面说的入手的小森是12款2.0的，才1.8W公里，那个叔叔真精心，我也是城市用的比较多，外加米还要节省点没入标题说的2.5，虽说现在这个2.0动力很够用五人满座起步超车很自在，但看看那个2.5还真心喜欢，外形也更生猛，轮毂漂亮。努力赚米吧！,外观,1,生猛
HjV4WoUetQNOXAcK,那车管所过户时，行车本，还有机动车绿本 发票 车辆的名牌都是2.5的 开起来动力 也是随叫随到 肯定不是2.0 不能单凭外观看    ,外观,1,好看
IhzXwCRf28MjAt4d,当然你喜欢尊贵外观的话 那建议你上尊贵 如果无所谓的话豪华或者特装比较实用 我刚入2.5豪华当初我选择的时候跟你一样纠结 还是建议你看看实车吧     ,外观,0,
D4wHPJtyp3AXgkU8,很普通般的外观板金补漆，找个熟人快修，几小时OK    ,外观,0,普通
tpuQfaM1BDjZ3r9z,提的豪华，我后悔没提时尚主要是外观。一是獠牙日行灯多，豪华淘宝只有原厂的。二是尾翼，觉得SUV就得带尾翼。但整体外观来说，还是觉得豪华的好看。自动头灯，感应雨刷，换档拨片无所谓。,外观,0,
LJqn0lbmR6wWNf3s,恭喜。喜欢特装。但外观减配了。,外观,0,
gdSni28qM3eRJPVr,外观12除了后视镜不一样外。就是中网。中网12的是分体的08是一体的。但是俩中网通用。发动机不一样。,外观,0,
L1n57IdpGmshCDjx,说实话 从外观一般人就无法接受CRV，那个驼背实在太难看,外观,-1,难看
tkBdNXvhKJnVxwFH,2.5的在市区行驶和2.0的区别不大，但是高速上就不一样了，2.0的后段提速乏力，还有就是满载爬山的时候2.5的比2.0的轻松多了。外观上2.0的是用的2.5高配的獠牙脸，18寸轮毂，有尾翼。但是大灯和c型示宽灯都是卤素光源，没有随动功能，看上去很挫。2.5大灯的是led远近光一体 led示宽灯带随动。另外2.5的多了副驾驶电动调节，和后排座椅加热。    ,外观,-1,挫
tvYkXMsEl6rOFBVf,所以挺纠结的，2.5上不了顶配，外观就差太大了     ,外观,-1,差
pVkNc4bnDmxFJaE0,尊贵版就比豪华版多了一个獠牙外观、一键启动、电动尾门、18吋轮圈，獠牙外观可以解决，以后对准一块石头撞一下，再去4S加点钱换个獠牙。   ,外观,0,
kMR3PshBKZeQGq6d,这点小事还联系店里，不信你把车升起来看看底盘上喷涂的也全都是这样的蜡。    ,外观,1,
nL4N16eVK8HJFMbs,车用船运，为了防止海水导致锈蚀，在发动机，底盘等位置会喷很厚的海蜡，可以洗掉或置之不理,外观,0,
hcgXT3J4eWLNGnu0,真想把天窗取消 有天窗影响操控，还不如没有,外观,-1,取消
PKeUvILOs6M3pYBl,新指2.4高性能，不如搞自由光2.4专业版，2.4虎鲨发动机和9AT是一样的，价格上浮也不多。新指的尺寸小了点，感觉新指比老指降了半格。如果不喜欢自由光的咪咪眼，新指和森林人二选一的话，尺寸、空间、视野、油耗、操控、品控还是森好，动力自合、外观、内饰是新指好，轻度越野能力应该差不多。,外观,-1,
1n9jNqbA4BHIiP5h,喜欢空间大就管道，讲究面子就途观，注重操控和轻度越野就森林人。,外观,0,
jxDVBX3LIefzvZCi,我也试过，感觉车内后视镜很难动，都不记得第一次怎么调到合适的位置了 现在调了座椅位置，想调后视镜，感觉掰不动     ,外观,-1,掰不动
S8s3q4uaJ1KEgWUj,真的作用不大，因为整个车身都暴晒在阳光下，遮阳档就是一个混淆概念的产物    ,外观,1,作用不大
oA7PFrBwlhMcmJnt,车身没降低，降低一点就好看了   ,外观,1,降低
emu386kPFtN0zInw,就外观的区别了，不过真是让人挺纠结的,外观,-1,纠结
1PnyYpzDg7N8fBLd,很凶狠的前脸，不过我就买了xv呢。预算不够。,外观,0,凶狠的前脸
CHw6my9VDOX0o3dc,豪华版得都是不带前脸獠牙的吗,外观,0,
kCqOHaomjMIhexuT,我要是买，也选银色。银色耐脏，黑色显小，白色就得勤打理，适合勤快的人。这种都是外观，美有标准吗？木有   ,外观,0,
UAj2t1QPXKOfvC6c,外观显得低而已，进气口高度全系列一样的。,外观,1,高度都一样
Kiso3NchZUHyCVvp,重新上传图片，应包括远观图（可确定位置）、近观图（可分辨插头外观及类型）,外观,0,
SqfW5FeUtPR6axo8,森的空间大吧，怎么就傲虎空间大了？我只能说，两车差别其实就是现款的价钱，傲虎电子设备多点，我估计森加上电子设备的话价格应该差不多。但外观个人喜欢森。最终也选了森。,外观,0,
GQs2jr0dABpyfHYo,下地多少？看其它车型都不怎么满意.唯独森林人外观跟内饰都比较对口味.就看价钱了.要不然就只能降低点买其它合资车型   ,外观,1,对口味
D9p73bWkAMiwq0oR,9016和飞歌的胎压不兼容，9016胎压得单独买，并线的或者独立显示的都可，我没再安装。14款跟13一样的 安卓可以换 而且可以做到无损，不过目前市场上的专用安卓机不太好用，即便是8核的2+32，专车专用的无论什么品牌外观都一样，只是配置的区别。你可以看看极豆的高配和永盛杰的高配，首选极豆。   ,外观,0,
u3VOS1XFg4fkm9xr,已定车了 额 车这东西我自己想法不太一样 是拿来用的 没什么新不新 旧不旧。要不是因为家里人阻拦 本想买二手老款 更喜欢那外观. 至于什么平台 感觉这车配置上这个价格已快极限了 再提高估计加价. 那么我估计也不会买. 所谓的大换代 算了. 看看老款换之后的 至少外观差老款. 现在很多人还想着买老款2手呢 所以我不是什么很懂车的 对这些不太强求，也就不纠结这些了.    ,外观,0,不纠结
Wvo7BkYSeExPnDqt,不太清楚豪华和尊贵的配置差别，我主要是看中尊贵的外观，配置什么我倒不太在意，买森林人主要是看中它的三大件    ,外观,1,看中外观
dpwbGHec5YyhnDPN,过奖了……轮毂上18足够了，从外观到实用……    ,外观,1,  
POx9KTetoQC0kgys,请教，2.5尊贵导航，与17特装有啥区别（除撩牙前脸）？在之家车型对比配置看上去一样的呢！ 谢谢先,外观,0,
1VjIouJYwQNyHzWG,我刚在义乌提的2.0最低配，裸车下2.4W，送了个前挡膜。17特装没什么区别吧，感觉前脸还是16的高配好看,外观,0,高配好看
YGC5Uvn8axo6bWsH,09的外观不错  个人比较喜欢,外观,1,外观不错
I50Dbie4jrPJKzty,视野好，底盘高，外观耐看。,外观,1,视野好
un3q7bRBxi9U5grN,18款新增ES，外观稍微变化一下，其他变化不大，新XV的底盘很厉害，未来森林人也会用这个底盘哦    ,外观,1,底盘厉害
fe5LY7uUnFAoycdT,楼主你换17特装吧。是海八路那个店吗？我也在那里买的。如果当时有17特装我肯定买特装了：一是我觉得特装版的前脸更好看，二是特装版方便换at，三是电尾速度慢个人不喜欢用，四是想要的特装都有。你可以去仓库看车的，看生产日期，定下那一台，否则就不要。我去仓库直接看了最新的一台茉莉绿，就定了。价格也是落地32差点吧，保险9000多。既然你还有考虑es，那可能你对越野没什么要求，那干嘛不上傲虎？,外观,1,前脸好看
6ojRB0PAa2LlqK83,前脸参照新的XV，内饰也参照，尺寸应该 50mm不是事儿，途观都已经拉到中级SUV了。。。,外观,0,
O4lGHFXmzasT17eJ,外观是一个方面，现款的魂动我都觉得很漂亮了，就怕通过性不好，离地间隙倒不错就是接近角太小，我喜欢摄影有时会跑烂路。    ,外观,0,
rf2MuGVswT8SIn3x,18款 豪华最划算了 如果对外观没有特别的要求,外观,0,
BgYNX6yGkHpSOqiA,这价位各种合资suv也都不差吧，斯巴鲁也就水平对置发动机和全时四驱是卖点。动力，配置，外观和内饰都是硬伤,外观,-1,硬伤
qjV9iNKeM0r4CPwm,荣放试驾感受没有森林人好，总觉得少点什么，可能是不喜欢这种驾驶感受普通的车，但是荣放的外观确实还不错，黑外黑内，还挺有感觉的嘛,外观,1,不错
5Mr6FDoE7xwtVv23,方便传一下外观照片吗？想装一个！谢谢了！    ,外观,0,
WUtelFkn8bKdv51E,目前老V6天籁，想换SUV明年初，考虑森林人和丐版四驱沃尔沃本来一直关注五代森林人的但动力和外观让我动摇～等上市看,外观,0,
mMTbrzUF8RwecNXu,因为之前试过在转弯调头的时候有一种一颠一颠不平衡的感觉，再后来车子就出现40时速抖动了，不知道两者有没有关系呢？其实如果确定是半轴的事情，就换了就免得烦了，但店里又说外观看不出问题，不敢确定，又没建议我换，可能是怕不是这个问题，换了解决不了这个情况。    ,外观,0,
RkzlMrWLejwS9iN7,根据楼主的问题，提车首先检查车辆手续发票，然后检查内饰和外观，最后检查线路和各油位，如满意请采纳,外观,0,
D8FlSfQeo2ZOI7nM,森林人毛病悬了，小名叫抖森，呵呵，丰田车世界范围内都是耐用的代名词，2019款丰田RAV4你值得拥有！这辆车无论车型，还是动力，以及安全性，还有四驱系统都秒杀2019款森林人！,外观,1,
igmU5fBaKJDIHsZP,确实，看着新款RAV4的外观感觉很是硬朗，等有了实车去试试，看看怎么样。之前我就是在这两款车里面选择的，选择森林人是操控和视线比RAV4好很多，看看新款怎么样吧,外观,0,
dIQY3etxX5ypWRCa,但愿2019款会有改观吧虽然外观没有变的更耐看    ,外观,0,
pDJBrPwELV2dI4m7,16款算是现在18款的雏形了，除了轮毂不一样以外，其它外观内饰基本没啥区别，如果二手车三万公里以内的话20～21万左右我觉得合理    ,外观,0,
eYSIOC2UHE9AFrkg,谢谢老兄解答，请问你车多少公里了？是2.5的吗？还有2.0时尚外观上次档次    ,外观,0,
n9G5PM1s4SdulmhC,就是要让你纠结，然后买贵的，我就是纠结外观和排量，最后买了2.5尊贵,外观,0,
ic7wTCAOuzlef3Nj,据说19森林人有很多黑科技，日本已经有新森林人的照片了，外观挺漂亮的流线型外观，混动车型据说一箱油跑1000多公里！拭目以待吧！看看是不是真的,外观,1,漂亮
hunNPWxRzpIv8DCr,看起来外观大，但是内部空间不大啊，但是座椅比较厚实，坐着舒服，高速巡航一定很舒服吧   ,外观,1,大
jRIF6kzxpQy2vL4H,看你是不是外观控了2.5豪没有经典的獠牙前脸和尾翼，2.5尊有。另外就是其他的电子配置了 我觉得豪的性价比高,外观,0,
x91BTQWthXgOqGRc,这2款都还好吧，个人感觉还是现代新ix35好一点。外观比较合我眼缘吧，时尚大气，而且整体的空间真的是相当的可以的，后排轻轻松松坐下三个人没有一点问题。还有操控方面也是比较轻快的。配置也不差。,外观,1,合眼缘
eaU3uqH8XNQ7tlPx,马自达说是有一定的优惠，但肯定不大，森林人优惠八千是有的，价格方面肯定森林人有优势，但是排量和外形还是倾向马自达    ,外观,1,
wNgP7RpCtS8IhXUM,同事刚好提了一辆2驱的，除了外观，坐上去车的内饰塑料感比我14款森林人还严重，味道大就更不用说了。,外观,0,
LO8JIKGrzHSR1Xbe,低气阻，无堵塞，号称旋涡式分离器，外观做工不错，应该是个专业厂家生产的。,外观,1,不错
OeCKBDAF5Jkm9IUz,外观很好看，很有气质，空间也挺大的，动力非常不错，,外观,1,好
QJR546NKTaqPhGkt,银子决定配置，2.0的足够用，2.5的动力更足。xv的2.0比较森林人2.0动力感觉好点，但是xv的外观漂亮，时尚,外观,1,漂亮
4Ffy8gkCiDqPneUY,时尚多了个换档拨片和外观略有不同之外跟豪华没区别，2款车性比价豪华要高一点    ,外观,0,
sbMlD91vN36cBVmk,新款森林人外观改动变化不是太大，但还是整体有一些改变，最大的变化还是配置和内饰上面，你可以多看一下汽车之家等专业的网站，上面现在已经有日版新款森林人的试驾体验了，你可以了解下,外观,0,
NAXHwRe71GFjKnDl,16款新车就刮了啊，心疼,外观,0,
QpDhER23lzJyr4VW,这玩意随便某宝某东买个喜欢的颜色和样式就行，没啥区别。,外观,0,
tuMlronA1aBwPNje,主要取决于你喜欢什么颜色,外观,0,
bTmROwMDBxyao70z,其实这颜色不错，不过天朝雾霾那么重，这种比较暗的颜色有点吃亏   ,外观,0,
i0lnMENJT5euBVaF,我从你照片里就可以看出来。你这车灯是副厂的。10年的灯到现在应该有一点点发黄了。这价格我看够呛能没事故的车。别听贩子给你讲故事。讲的越多故事就是事故。,外观,0,
qe7l1Jtapd05FXVW,选装漆是高温漆，喷漆的时候是白车身高温烤，补漆只能是低温漆，跟产地没关系。,外观,0,
4mSHNIaFWKMi6pd8,我的这个颜色不好调，店里说阳光照射下发点紫，说国产漆工艺还差点事    ,外观,0,
76yfMxLTe5BupJzO,车副驾驶边上的铭牌有颜色型号，然后拿着这个颜色型号淘宝找代购原厂补漆笔！补漆笔其实就是一小瓶颜料，颜色应该没有偏差的…,外观,0,
fXo8uISE5jU4KWet,我在4s喷漆两次效果还可以，都是现对颜色。    ,外观,0,
PBRcOWteEvxbDYwS,4s的备件是灰灰没喷漆的那种。我被女司机撞了左后门（还好只是蹭了，没伤车身），在4s换的，说多了都是泪    ,外观,0,
Ku5JrbXROFqelg4Y,我只改外观和内饰，就为了好看，不行吗？    ,外观,0,
zZnCIEdaPRu2oOjS,谢谢大家。2.0时尚大家都买啥颜色的？问了四s现车只有银色的。,外观,0,
prgwY9jadEqtBL61,肯定森林人了，和总价相比多不了多少钱，但是空间和外观差很多的，一比较就看不上xv了,外观,-1,差很多
uKdvLxD7cp6FJGne,我也准备买银色，我现实看过颜色很好看，不知道2.5低配银色如何,外观,0,
C36zsuRadpeX1ofL,我就选的是蓝色，，不过个人有个人的喜欢。最重要你喜欢什么颜色就可以了，不要在乎人家的感觉。,外观,0,
lgrs3H9mh8CONMdR,楼主可以淘宝上买一瓶喷漆或者喷膜（能撕掉的那种），然后给开关的面板卸下来喷黑，真心佩服这改装，外观的确有点突兀   ,外观,0,
tqz3Ur1YRjkOEA8o,用一段时间考虑tcl的金属拉丝面板系列，外面只有2mm的突出，相信外观很很大改善，不过那个系列的指示灯都是和开关一体的，不好处理这个指示灯。   ,外观,0,
DpAI1cSOtEqUCm5e,可以改，但是R17的胎噪和省油的效果很好，R18就是感觉外观好一些，本人观点，不知道对不对,外观,1,好
4270vK1dbA8okSPH,这是什么颜色？看起来有墨绿的调调,外观,0,
BK0a6zeH5y4P9DAF,座椅放倒也跑过，还是有塑料摩擦声音。车身倾斜越大，异响越大。   ,外观,-1,倾斜大
IJUV59b2uQeLBhwd,现在二线城市貌似还订不到这个颜色    ,外观,0,
TvFz516jUVBLs3tH,斯巴鲁一定要保持自己的外观…下一辆还买它,外观,0,
RVcPjX0fiygYMB96,我还真跑过，高速公路的作业面能上去，但承载车身长期跑肯定受不了。,外观,0,
cFeJ4bO0oUdzaML7,图片二的茉莉珠光绿颜色，很符合原车   ,外观,0,
kzpLNrjlKiT2hduv,除了白色的漆不是金属油漆，其它的颜色的都是金属的漆面的。,外观,0,
T3gUZo2uxmhWFryM,我的也是这样，总要顿一下，可能是车身高的原因吧？,外观,0,
5uarzAJvB063Io29,我在等2025年的换代森林人 ，对于外观，只希望尾灯别变太多，超喜欢现款的尾灯，方方正正很硬气，总觉得一长溜的尾灯有点点娘,外观,0,
GTBU0j53zv6WsFQJ,这颜色好看！内外都是！,外观,1,
r4TdeuICRjzMUH8Y,车身刚性杠杆的！更多的，大家自己看，森林人值不值！！？,外观,0,
z4pxWgBduiam6OUX,荣放外观是可以接受，就是室内味道相对大很多！所以一下子比较失望。   ,外观,0,
IyRWFEvfeHKtlZL8,非承载车身都是硬邦邦的感觉，毕竟牧马人的主项就是越野，其次才是城市代步。   ,外观,0,
utN65jUe7mxLzl4s,完爆森林人。低速四驱。短车身。,外观,0,
PZ9rAjJdXCyBVe5T,除去灯光的颜色影响  好像是香槟金~  属于浅一些的颜色  配这车还行！,外观,0,
Q4tipwJkRPN6yBIE,打算入手小森，坐等19款上市，至少车身尺寸也大些,外观,1,
NTDik8abHrUqV6xB,你好，SE是啥颜色的？,外观,0,
qgBzSYCtUK5dQbuZ,按颜色分的，买绿色的就行。一套一千多挺贵，不过感觉脚感不错。    ,外观,0,
Lo0AXE9C3B7ZmSsa,高速上130定速巡航，睡着了，车身左侧擦着中间隔离带，万幸角度比较小，不然后果不可想象,外观,0,
v93xhpwWVuLr5D8o,不会试着三款车。不喜欢广汽菲克的Jeep，奇骏太平庸。酷威就更差了，难看，车身过于畸形的长，动力总成也不咋滴,外观,-1,难看
saAvO2GCEo7tuj1H,楼主你好，建议查看一下说明书，或者车身的标注，厂家出厂前就已经明确了使用什么汽油标号的问题。你就按照厂家推荐的标号加就可以了。,外观,0,
xOVKhcTj1HAutn6v,车身的标注？你撕开破黄纸看看，里外不一样,外观,-1,里外不一
Vxg6Dz07haUBuL8Y,贴上轮眉吧，就这点伤重新喷漆，瞎了原厂的车漆啊,外观,0,
EDiGkXdsb3eJVACI,我也装了，自己贴的，效果不错！能起到保护作用，一次老婆开出车库，直接挂掉后轮一块，未伤车漆,外观,0,
O0YH89QoTJxSWUhv,那是车身强度不够啊，森林人车身强度不至于吧,外观,0,
uplLcsoQYhq4PC0v,可能是车外发出的通过车身与转向机的接触传到车内，有可能来自发动机上的执行电磁阀，自动变速器的话阀体内的电磁阀劳动时的声音。,外观,0,
elsKQyO58V0XEZng,我正在收一步，有点不解的就是怠速情况下，车身有点发抖，什么原因？,外观,-1,
6QfqLPoEX2OTlIhN,标不标配都算在价钱里了。中国市场相对美国特有的有大灯清洗，电动折叠后视镜，还有獠牙前脸外观美国只有XT有，自吸全是一个外观。,外观,0,
PW9hiwguKsTydNUa,不是不是，是D档挂进N档的那一瞬间，车身会抖一下,外观,-1,
TtLGU4yARjM3XWg8,CDX外观内饰做工强过森，没试驾过，驾驶感怎样不了解，但最大问题是网点太少，维修保养很不方便，车内空间也比较小，最终选择了森林人。,外观,1,
wFeM5aRNt72TYldv,其实可以让4S调制油漆的，只要拿到车漆代码就行，我查一下拉力蓝的代码O2C，K7X那个颜色是用在WRXSTI上的,外观,0,
7OHb0PIKuhN6ia4p,16-18款外观没什么太大的变化，现在还有些地方有16库存，那个优惠更大，经常遇到有些人说自己了解这个车的配置，结果什么都不知道。。,外观,0,
LfOyeXpxgFdisr4E,我和孩子的都不能折叠，网上看了看，好像可行的方案是加拖车球，有专门固定在拖车球上的架子，工程有点大～～比起常见车尾自行车架，好处是不遮挡号牌，负重较大。,外观,0,
VbiL5E38AlazrKjI,我的是2.5白，耐脏，但有一个缺点就是车身漆有一点脱落都会很显眼,外观,-1,
soim9FdhTEkWV0e6,不是热车的过程，是热车后等红绿灯怠速时车身会抖动。,外观,-1,摇晃
h1ua30RW7jmeLZpl,还有呢，座椅没腰部支撑，机头被强J，车漆薄如(诶克斯张)蝉翼，小树枝，茅草杆，一划就留痕电动尾门，开启等待时间太长足足3秒,外观,-1,
L4yZTSpzemlIHxW8,合页，就是掀开后备箱之后，后备箱盖顶跟车身连接的那,外观,0,
faoNJE47zLtnRWpI,其实还是三代好看这一代前脸怎么感觉像以前的翼虎.,外观,-1,
oKJXzaHAUFqmw0kp,单从外观角度来说，还好我买的18款……新款如果真是这样，外观设计确实更符合主流suv设计，但是同时也失去了正面看窄、高的越野车外观共性，个人观点勿喷,外观,0,
Tw8Hl0P7OisBc6gm,前脸还可以，更显年轻了，车尾灯变丑了，满大街这个尾灯造型，太平庸了,外观,-1,平庸
Es9kw87PAFcgeXGI,车身刚性应该是提高了，现款的森总感觉薄薄的，开关门没有德系车的厚重感,外观,-1,
5aluHjszwXmYfn96,看前脸，接近角比现在貌似又小了。,外观,0,
pV0dY5ghOsQ14S29,都是矛盾，现款好看，但内饰很low，换代新款不太好看，但内饰和科技安全方面肯定又会大提升。真希望是现款的霸气外观配合换代款的内饰及科技安全，这就完美许多了，呵呵,外观,0,
ZqrDj4ipsY6KScW7,个人不太接受傲虎的外观,外观,0,
mpPWgC4kZSKDaE5w,我的同款现在6万公里多点，今年检车尾气不合格。,外观,0,
wXd34kuFG105vPiE,讲真，外观时尚就选马自达吧，森林人适合我等老汉钓鱼户外用,外观,0,
wd62guG7rDBI0PqU,修车半天了，老远都能听到，师傅说可能不是前面轮胎附近，可能在车身下面。还没找出原因，,外观,0,
YrAomNG1xPv2Z5wC,1、建议加装最好别动线路，这车容易异响2、磨合期说明书说不超四千，反正我没有超三千3、2.0和2.5在2018款外观内饰区别不大，只有顶配可以选棕色内饰，还有ES版的眼睛,外观,0,
FgbxUn40uD9plImA,sgp平台乘坐空间降低了…空间肯定比现在还富裕，降低车身靠拢舒适啊,外观,1,
38VSHkzaRI9ut2Pq,森林人定位还是暗示性能车，内饰外观做工偷工减料的，结果性能都被打脸价格还死贵，维修保养不便宜，我当时真是傻了比了33万全款买最顶配自动挡，最关键是自动挡并非真的全时四驱！,外观,-1,
0mAUvzNEjGbuhp38,全新一代森林人将在本月底开幕的纽约车展上进行全球首发（媒体日：3月28～29日／公众日：3月30日～4月8日）。与消息同时公布的，还有一张新车尾灯的预告图。,外观,0,
f1ELH8zOxND9oyd2,从物理特性来分析，途观翼虎CX5属于适时四驱，轮胎抓地力，过弯极限不如全时四驱。Q5和GLC是全时四驱，由于发动机是直列发动机，整车重心高于森林人，但车身宽度和胎宽优于森林人，操控性应该差不多。,外观,0,
Vhb218KnLkSWs5rx,看来斯巴鲁真的是不注重外观设计，越改越丑,外观,-1,越丑
19cruOH8h7VvtnCX,第二张图个人认为不可能有这样式，特别是前脸，雾灯给人感觉有点夸张。不符合国人审美,外观,-1,不符合
0o1axhdvgEsFctJu,楼主，我的故障灯亮，分别是发动机，车身稳定，定速巡航闪，去检测，说是氧传感器，但是换了三个了，清洗过三元。都没用，这到底是哪里的问题？,外观,0,
jK6aNQyWOXGtIoH5,感觉前脸像小弟XV了呢,外观,0,
1s7e5UMYWH3m0utn,公里数有点多原车漆多少,外观,0,
Xp0wPIlr4Wy6G25v,装了井字架，前后定吧后拉杆后，车尾就不会跟不上车头了，很灵活了,外观,0,
lUNd18qDa37PTBmX,外观估计就是斯巴鲁新出的7坐SUV的样子，只不过尺寸缩减，这样也有利于生产作业简单和配件通用。重点关注的是动力如何搭配的。,外观,0,
xzHLW1JkIiuMbe8Y,车走过，车尾形成个真空区，没有后备箱的车就直接搂玻璃上了，所以掀背车和SUV要有后雨刷，一般的三厢轿车不需要。,外观,0,
riOM6EZTX2Y43kPJ,一样的，北京前天第一场雪，前脸，两侧都还行，就车尾脏。买了黑色的，净洗车了,外观,0,
2vDBHsIV8janyPb7,这两种对车漆有木有损耗哪个贵一点呢？,外观,0,
mQF6Jw17EsyKUak8,基本是小改，而且也没改得怎么好。斯巴鲁看来就不能看外观内饰这些了，水平很稳定从来不让你惊喜。,外观,0,
Mkm8LUarT5o7Qscf,其实挺好看的，不过大体上还是现款的外观设计思路，变化不大。这可能和丰田有关，中网怎么看怎么满满丰田味。。。不过反正就是小森的风格就是了，和商务行政不搭边，啊哈哈,外观,0,
ZD45nxhi02bBHVSk,如果是这个外观，觉得还不如我16款的好看,外观,-1,
rD3bhSBfy7QZ1Hus,那是因为你没看见它爆丑的前脸。,外观,-1,丑
9ANO8EUcY7e4Tdyp,看外观变化不大啊，不是太丑也不漂亮，总之与时代脱节,外观,0,
FUHWXmQk7G4oLP23,会不会软磨硬？风一吹会不会把车漆磨了？,外观,0,
tWsu7B4ihHoL3AS0,前脸还不错，新平台最大的败笔是尾灯，从美国发布的七座开始的，可惜白白浪费了概念车的设计,外观,-1,
iz1MQEuyJpF0aL7k,看4s能不能定，估计费用不菲，能买到的只有xv上的fr86，mr86，mr87，外观差不多，但是不知道内部是否一样,外观,0,
YR47pDXPBurezQM5,车吧，外观这些东西，看久了都一个鸟样。再惊艳的外观，路上多了也就腻了比如马自达的魂动设计，最开始出来的时候，看的那是一愣一愣的。现在总看到那张脸，看得我一吐一吐的。所以，现在是根本不在意外观党。,外观,0,
XeHyZmiYphK2A4Fl,外观越改越丑，内饰就是xv的，发动机仓结构基本没变，斯巴鲁离我们越来越远！,外观,-1,丑
3yIlYO4MaBQ71oxC,森林人车身不宽，基地太高看着不协调,外观,-1,不协调
IzWXtiVrnSNf2uUH,外观没啥经验，看看动力配置。如果没啥改变，还不如抄底老款,外观,0,
QXqkxIEvNf4RDMpw,前脸设计的真难看，包括雾灯那，远不如上一代设计师。,外观,-1,真难看
0oRPdyTb1Jl3cfIZ,就算有人威胁我，我也要说：新森的前脸好难看！,外观,-1,好难看
KgWubcOrtmdosqhM,本来森林人就不胜在颜值，这次外观变化似乎还不及第四代相比第三代大改款的变化大。主要观察点在于SGP平台，这是决定性的，内饰也仅仅从落后变位跟上了竞品的节奏。,外观,0,
sRdI1bUko83pgi6O,外观不如现款，獠牙没有了，内饰比现款强。,外观,-1,
lzD5bdAowXZ2Rg8a,我觉得外观不错，空间很漂亮，内饰也还可以，就是不知道动力到底是多大的？会不会很温柔？,外观,1,不错
0jMUe1dSC7RY8ays,我就希望外观内饰，大家都看不上，我们去好谈优惠,外观,0,
YZOpjAUt6gBIbCGT,嗯，除了SGP，外观无多惊喜,外观,0,
lGbY40EJc9LNXPjB,性能应该有不少的升级，外观还是喜欢2012款,外观,0,
jZHLA8gnuSkT1cIr,这种姥姥森才是真正的斯巴鲁，现在的森林人都改成娘炮了，我说的是内在，不是外观    ,外观,0,
pcaXqtKH9GsV6Z1B,话说Gla那空间你能接受吗？如果能接受新荣放的外观的话还是荣放吧，经济一些,外观,0,
kYLilQO4dye05MFT,RAV外观颠覆性改变，看起来很硬派，新森越改越丑没现款协调。不过RAV好像要到明年才上市，新森四季度就能买到,外观,1,
DC8v3QbRoaKZJnLG,外观各有所爱，我就喜欢19款的外形，何况轴距也加长了更宽敞了,外观,0,
HBMNhLU4Jbioner8,奔驰外形好看，内饰也好看，没有空间的要求还是奔驰，至少上车会很心情很好。,外观,1,外形好看
oEhXMrRJFmWy5BnD,看看合同怎么写的，你这个外观就是豪华版啊。,外观,0,
Ee7aoy6xOArUq3YG,一车一况，没有事故，没有水泡，原厂玻璃，大部分原车漆，发动机底盘一滴不漏。这就是精品二手车了。本人觉得最好是这一代的车，也就是5到6年车龄的。    ,外观,0,
Qi6M3rNaSLA7OTyu,外观，发动机，轮胎，太多等等，最好还是要找一个有经验的帮你验车。就发动机的声音如何判断？靠经验。,外观,0,
CrmNavZfcUdeF03R,运动版取代现有的XT版，外饰和内饰是灰和黑色搭配橘红色装饰，发动机还是2.5,外观,0,
BPvwqTJSYR5p68mg,新车都是没什么问题的。一般公里数不能超过100公里，车上无明显的划痕，生产日期不超过半年，车机盖子上和轮毂上有膜，内饰无坐过的痕迹，最后听听发动机就行了。车脏不是问题。如果在好几台差不多的中选一个，那就凭感觉调一台,外观,0,
ChM2LsTpNIYSurQd,预算没问题，就森林人吧！家庭使用更适合些。如果感觉预算有限，就-5。两个车城市里开起来，都很有意思，马自达的操控也很好。空间、雪地泥泞路上的行驶，森会好于-5。价格上-5比森便宜些。外观的话，一个沉稳一个时尚动感，看个人喜好。年轻人应该都喜欢-5的外观些！,外观,0,
J9xadh52PwlneXNR,外观看个人喜好给我再选一次，我绝对选傲虎..起码车内配置不会觉得恶心...我现在森林人没后座出风口.家用硬伤.座椅包裹性比傲虎差.内饰配置比傲虎差..要不是当时傲虎还没出2.0T..3.6那台订车都得半年多..我早就选傲虎了.,外观,0,
eucXPwz5k3ngAZL8,这款车就是个买菜车  内饰 外观差强人意 当初为了省十来万没上Q5  现在Q5换代又看不上 下一步X5或Q8,外观,-1,
avMUQ41WuqHthBAS,2.0的森林人，同价格不如上2.5的马自达CX5，颜值高，操控也不赖，关键动力强很多，还是AT。    ,外观,1,颜值高
bl6uYUotPzXfc7en,除了外观一样，其他硬件配置基本都不一样,外观,0,
U6TrAEVYcLQOdnWv,为什么不给2.0T，那个才是精髓，而且排量税更少，在现在一干2.0T（昂科威，探界者，途观L，科迪亚克，翼虎）紧凑SUV对手面前，2.5的森林人毫无动力优势。还有为什么不给双排气管（宝马都新款标配双排气管了，而且斯巴鲁以前是有双排气管的，越改越回去），獠牙式前保险杠，前机盖进气口，无框玻璃窗，这些经典高***的设计都改没了，不知道斯巴鲁设计师怎么想的？,外观,0,
hob07AFJxz4ef123,昨天看了2019款的视频，2019款运动版，比现款好看太多了！直接可以说，在外观上，上了一个档次了，隐隐有豪华车的感觉！    ,外观,1,上了一个档次了，隐隐有豪华车的感觉
O7LVqYiPoSRtgI2M,CVT变速箱，烧机油的发动机，难等的配件，除了大城市以外几乎看不见的4s店，锁死消费者的4s店，丑陋的外观，再加上高溢价的起售价，新森林人未出就已经先死了！继续小众直至消失！    ,外观,0,
hGiU6L0SXYN758sd,斯巴鲁的外观就不要讨论了，买斯巴鲁的也不是奔着外观来的,外观,0,
qzsjuX59va7hKyBL,今天在路边看见一台现款森林人，给我感觉就是显小，单薄，丑陋，外观没有丝毫质感！    ,外观,-1,外观没有丝毫质感！    
rNVwKJHiq8Tzp6bO,其实吧，每一代森林人外观都不是特别好看，轮毂更是丑出天际！2019款运动版，看图片是还可以，实车不知道怎么样了。   ,外观,0,
i7uoWmgwXqfR5N46,不在乎外观的话豪华就行,外观,0,
mFkH07vOrduGzLb5,说实话，就外观真不如16款的！,外观,0,
0L9sWtMzxb5TRpPA,这个价位的全能型选手吧，虽然什么外观内饰不尽如人意，但是你要不在意，那都无所谓。作为一辆普通家用车，该有的基本都有了，不该有的也没有多余的。,外观,0,
qLCFJek6wEST1pBA,奇峻也有资格和森比，哪个大面包出了发动机比国产车强点，其他未必有国产车做的好，车身钢性也不行，底盘也很散，要买奇峻应该看看RV4,外观,0,
14YZHle2XOEpwtiB,买外观选奇骏，买内涵，选森林人！尼桑是日系里面成本控制最厉害的，他的特点是 你能看到的 都是好的，你看不到的都是差的！比如电瓶，尼桑的阳光居然是36A 的电瓶，因为电瓶容量下 连点烟器插头都没有！   ,外观,0,
XolMYCRdseT3wNtU,不在乎外观 而且非森林人不买的话 那肯定等最新平台,外观,0,
5KOCMmVkTGJpj8ns,国人买车也就是看个外观图个空间考虑品牌罢了    ,外观,0,
EVrDbTtdeO6MJ2fI,除了外观好看，没啥用啊,外观,0,
SygXQr9OmlwbsD8v,外观没毛病啊……一普通SUV，外观太时尚了，感觉就会不耐看！普通点，过10年看还是那样,外观,0,
Q6DcEI4dUw9qtjkF,我还嫌不够方正，我最喜欢路虎的外观    ,外观,0,
MDHib9nBLaeKf1kc,难道只有我是因为外观跟内饰风格才买的这车,外观,0,
NDE5SQmVdUyaF6Tl,外观属于耐看型的，没有惊艳感，低调又特立独行,外观,0,
7Xu0eHlbi3gPyN6w,为啥介意，我觉得外观很好看啊！,外观,0,
SpxGPgBsHYXOrt2b,外观能接受，关键内饰就不像这个价位的产品……,外观,0,
K7apiLqc9OYGjsu1,我就是冲着外观和车标才去了解直至购买的,外观,0,
AmVBbz2suMnJ1FGt,斯巴鲁产品的产品力在这个太差了，外观奇丑无比，尺寸也不行，内饰要吐，价格过高，配件又贵又不齐全，又要担心烧机油，到底是谁害了谁？    ,外观,-1,外观奇丑无比
dgDfhWe0Mo1xEwYV,外观太小气，内饰太寒酸,外观,-1,外观太小气
beYW49H0ztXPTqly,今天去店里看了看，发现2.5es最大的问题是外观不如2.0时尚型，要外形只能上2.5顶配，那价格太高了,外观,0,
2xl8X5o6quzH3ksW,我也很喜欢19款森林人，但是想想可能还是要放弃，1.小众 2.保养麻烦也贵 3.后续配件难找 4.外观太丑，尺寸小，特别是宽度不足 5.售价明显高于竞品 6.凤毛麟角的随时倒闭的4s店 7.有可能烧机油的发动机    ,外观,-1,外观太丑
KSAGvuYq7NTQf3dz,你所谓的产品力全在外观表面上？那我觉得你去买肠城吧    ,外观,0,
krj7c8UAaB5i3MRT,森的外观真心赞，18款的也很漂亮，内饰差点意思，19款感觉比18款更大一些了，内饰也达到现在的主流水平，想买。本人差点95后。 路虎4代发现卖的那么好，第五代你在路上看过几辆？4代硬得像根jb一样，第五代就像去了一次泰国一样，所以我就希望森林人能一直硬下去。,外观,1,外观真心赞
u2vL9Q4oad0BOA5l,现款森林人，外观内饰，车身尺寸，工业水平，等等等等，和十几万甚至几万块的产品有什么区别？我可以说内饰还不如十万块的国产车，森林人在我看来优点唯独一个，好开一点点罢了，那么请问高配去到差不多三十万，怎么玩？    ,外观,0,
TcjiLUIOJ6VpCWs5,你的知识和兴趣点还停留在外观内饰，车身尺寸、高大尚配置……所以我可以把你归类在中国城乡结合部的选车一族……你说的其实也是对的，斯巴鲁车就是好开点、安全点、乐趣多点、内在的技术多点、实用多点、能去的地方多点、还有给国家税收贡献多点、外在花哨的配置少点、豪华感少点、面子少点，所以对你们喜欢大大大、豪华、面子、气派的人来说肯定没吸引力了     ,外观,0,
OTtuIoiBhbSPWH2D,我也喜欢斯巴鲁的车，就是因为“内秀”，外观内饰也行。 希望售后和保养能好点。,外观,0,
RkVQFlYx50nTgMjN,斯巴鲁的优点只不过就是水平对置全时四驱所带来同级别相对好开一点点罢了，但是却只有几万块的外观内饰，还贵，还不省心，你看看那个屏幕不是中国三百块钱的山寨屏幕吗？试问如此不平衡的产品怎么可能不小众？当然，越野能力好一些，但是城市里不需要，农村可以考虑。    ,外观,0,
VCrkeNXKPBmnQlR7,没觉得那森林人丑。举例说明哪些几万国产车内饰比森好，车的外形也漂亮，一辆就行。    ,外观,1,车的外形也漂亮
W453vhNrmtnXKZV2,我也想2.0时尚，主要是外观喜欢，2.5的这个外观就要上至尊了，价格上下5万左右，感觉不值啊。,外观,0,
5T8IBHy9z1qajRGw,es对于老司机来说作用大吗？我在2.0时尚和2.5至尊间徘徊，看中獠牙外观，对动力没追求，但2.0没有es又有点纠结，2.5至尊又超出预算比较多。   ,外观,0,
EGWYHKkeSqZpvfwB,车子的动力颜值什么的这是自己的选择就好,外观,0,
0JHpVYPLGFqkDxiU,一定预算的前提下，买日本SUV车就是看中油耗 可靠性 空间  要操控、动力就去买轿车 颜值和4驱现在在这个满街是车，满街堵车的各大城市里，没ran意bing义luan,外观,0,
y0wrR3NCPbIjBDlu,不过我倒觉得森林人的外观有个性，轮廓分明，只是内饰比森林人好太多了。,外观,0,
SITnMZ3HwqfFiDj7,内饰比我黑色的好看，早买的也没个选择，恭喜提车,外观,0,
zlI9OPZbdCxhtmfj,我也是斯巴鲁车主，怎么我们车主群里没看见还有这么好看的妹妹？呵呵～我的小森开了两年了，一次也没修过！去年跟车队一起去西藏，我的小森被大家好一顿夸啊！哈哈,外观,1,一次没修过
7SVQ8ar0eNZvAdKh,屁股上好看啊，还有比较二的粘在引擎盖上,外观,0,
H2NOGvsm9ZlCVE14,恭喜！颜色好看，清新脱俗,外观,1,好看
6SWwVFyMGiaE0mrB,外观没什么变化，新平台吗？看来森换代也快了,外观,0,
VFX9Zt50TMafsvnO,前期保养所有的车费用都差不多，森林人只是工时贵了点，10万左右费用来了，4S轮胎2400多一条，地盘橡胶件，悬挂磨损件，外观件都很贵，工时和材料一般差不多一半的一半，给你举个例子，两个半轴加工时7000多，一个轴承1000多，一个主驾遮阳板360，一个座椅的卡口(后排座椅调节开关)85，一个雾灯480……一口气想到的只有这么多，有兴趣的话，我可以给你发清单    ,外观,0,
QB84rHgLxaGyjsEO,进气管看起来比原装好看点，实际效能关键看冬菇头,外观,0,
1HoxDRez3XI2QBg7,越野能力不能光看四驱，新奇峻为了外观大大牺牲了接近角，没有大的接近角到了越野路段通过性就等于0！老奇峻虽然丑销量差，但越野能力可以和森打个平手，但新奇峻就大大的不如了！,外观,0,
o4xapQ0wEgnhHcsS,松下那款原厂无论音质还是外观都很喜欢。就是没有多媒体屏幕，更别提CARPLAY了。如果原车就是松下的，我就不折腾了。关键前车主已经换成山寨的了，还不如直接一步到位搞成SONY的呢，回头会发帖更换作业的，感谢支持     ,外观,0,
xaohmSMTOpzkbdeN,这点同意 老奇骏外形也好看 就是内饰太丑了   ,外观,-1,丑
GdJB5H6XqK9sboEP,楼上都复制粘贴啊，我觉得自己看看外观漆面就行了，其他不得有问题。,外观,0,
LjoK7ruUiRPZW5gh,新车的前脸咋整成这副挫样？,外观,-1,挫样
0CkuYwfs6dQMrVWR,我最怕 拆塑料防水防尘膜 因为那个塑料膜 拆下之后 再也没有原来那么好看了    ,外观,0,
ExgiBlcFXm0JUTG9,我也觉得老森前脸秀气，喜欢那样的,外观,1,秀气
WpUSxYnidteXN9wZ,前格栅金属条改为黑色可能不好看了哟     ,外观,-1,不好看
6BPU4labIFGRjuHe,我也才提的车，考虑过自由光、CRV、探界者、CDX，RAV选车时就没考虑过，外观内饰第一印象就不入眼，特别是那个屁股怎么看都不协调，车不要求有多漂亮，至少自己看起来要舒服。开起来怎样不知道，没试驾过。,外观,0,
0KjfboZYOiMeBmup,我是觉得不错，好看而且镀晶打蜡的钱也剩了，保护原漆    ,外观,0,
bq3QfBxLNwCuaz2D,我前两天在4S店也见这种前脸来着。。。真心接受不了,外观,-1,接受不了
wQ0AmGBqDjWspakY,我估计这是庞大自己搞得，因为森林人17年没啥改款，没新车卖怕销量不好，所以庞大就自己设计定制了一套前脸套件给森装新款！,外观,0,
h8fq5MzxtkRHsjTP,RAV4的视野差了些，样子也不太好看，个人认为。   ,外观,0,
mQbuxaYjFknBOcdy,很便宜啊 绝对值 我特装版都27了。你这个应该比我的贵两万多呢 尊贵还好看很多 轮毂和尾翼    ,外观,0,
TaLljvdxEkZ2c81J,se有sti的元素，外观和加速都不错，是不是有一定运动性呢,外观,1,不错
M5bPmNzeQixq6hY3,个人感觉轮毂奇丑无比，棕色内饰感觉也不是那么的高大上，有点廉价的感觉，车漆的颜色还是很赞的,外观,-1,廉价
KxBc6glCTPLRkaIp,秒杀目前20万内车?太保守了吧！实话实说，除了外观、内饰，动力、超控秒杀目前40万SUV。,外观,1,秒杀
Aqi6IZ29k3RE0GOX,现在都联网了，验外观用移动APP拍照上传，这个规格森林人可以用，奇骏不行，比原胎宽了1厘米，去了两家都过不了:(,外观,0,
U4eVpRvnL6gMHsf5,我随后发个内饰和三个面的外观图集贴...望大家给参谋一下...实在不行我再去ssss问问,外观,0,
1jaSmq3UYgi52OuM,还好车身没有压上去………………,外观,0,
bcJaiHUMEvhrDj54,外观没刮没碰底盘没被磕到就可以了，其他的什么看是看不出的,外观,0,
CiLyDUxYpAz7e2fj,在山区过湾，速度快一点时出现过三次上述现象，如弹簧弹射般啸音！我分析是车身稳定系统起作用了！,外观,0,
3A0wZVRGFaTWH5x7,有一天下大雪，时速60，打了下方向，出现了你所说的声音，车身移动修复正了,外观,0,
nw6WzPGfp0BqQkhc,5代森没在美国上市，美版刚刚只是出了个包黑炭版，外观、内饰黑色化并加了点价，网上能搜到，之家也有报道。,外观,0,
swgBLx6MTEj02a1X,凡事讲究流塑造型的车，讲究外观漂亮，空间和视野要折衷，森皮薄大馅，一切为了实用；紧凑型SUV里森的轴距最短，这点有利于通过性。,外观,1,漂亮
sZVq9L8CAGzXBxft,车漆我倒不在意了，希望钢板、用料，比国产的可靠吧。,外观,0,不在意
gnlvXtTk3aeSiHRM,你车门上的坑明显是被碰的，没啥说的。车漆是软，这是事实。但３０万以内我还真没看上其它车,外观,-1,软
FkgE8wLJ2XCS3p0B,主要是你喜欢哪个前脸，其他的都可以加装。,外观,0,
jAVd8Mt2byPa0fJx,建议继续观察 有可能还会脱 车身会受扭力 不行就索赔,外观,0,
2Xz150fducbjEYFV,一样的颜色，这种颜色只有2.5的有。黑和白的容易脏，这种棕色的比较耐脏，而且车漆相对黑的要厚一点。我就选这个颜色了,外观,1,厚
g1djX7AxUfvMY3Ki,也许可以这么说，车身覆盖件软，是为了保护行人！,外观,-1,软
3CO1SmzKLc6Y5xR8,建议2016款2.5豪华，主要是前脸好看，个人意见，仅供参考。,外观,1,好看
mQujwTAbMN85YHkp,撞的根本不是宝马实话实说 宝马的车身更扎实 不要意淫了,外观,0,
C9UO803eIsVgbEBQ,但是森林人的内饰和外观设计真的不敢恭维啊,外观,-1,不敢恭维
AiRKq7CFEmXh5TGY,在中国如果和crv一个价，估计销量能轻松超了crv吧，说实话crv的外观也够难看的,外观,-1,难看
YjoWuDHA02EhLnKN,15款不也是这样么，特装版只是电子设备增加，外观没变化。,外观,0,
RJzPuc70284USmYa,因为外观实在不行，跟不上时尚，观望中。加之时速8OKm以上失效，可以说这是一个不成功，不成熟的产品!放弃!,外观,-1,
fiJvzXCcEK9pSVBu,谢谢兄弟，其实有个小尾翼还是挺好看的，但是多了一万多，还是实惠点吧，还有就是獠牙太凶悍啦，我还是喜欢这款前脸。,外观,1,
hzct2iHfdYQsAUDb,我的森林人原装就是这个机头，但好像型号略有不同，外观完全一致。,外观,0,
rtxkgzH5ShlvQuW1,我刚买的豪华，比时尚便宜，该有的配置都有。那些外观套件神马的都是给别人看的。,外观,0,
HZuWUfAj1c4Xrnoh,车身抖不抖？看下四轮平衡,外观,0,
5dgEkKx7NvqjtbB9,自由光2.4L，很多人反馈动力不足，车重了，而且前脸那眼睛??实在难看,外观,-1,
c92ns1LKa4VgNYyQ,车的性能稳定，外观也大气，值得推荐,外观,1,
njiQlv5gk4PItxMJ,隐形车衣必须做 车漆薄的…石子上去就见铁 我已经被石子甭的没脾气了,外观,-1,
xEC36XhJfsP9LrRU,车身镀膜，玻璃膜，刹车顶，前平衡杆,外观,0,
nDzt3JA9bGUurVv6,从外观上看JEEP真漂亮,外观,1,
HCiNqA0eyk6ROn1L,精致的做工加上时尚的外观没有理由不喜欢这样的车车,外观,1,
Fz3Y86VtdaXQ2TGy,喜欢森林人的外观，感觉线条比较流畅，大气,外观,1,
aNn8HpmGlyOtSfBd,森林人的外观很赞的，我第一眼看到的时候就喜欢上了呢,外观,1,
XnJ5GqlujdC7ky4x,外观细节上确实相当不错，品质方面不知道如何。,外观,1,
RrOgBl6iCINeHfpG,外观件，车身强化，进气请问是哪里入的？能PM吗？~,外观,1,强化
7SbLtfPWOHcp59lo,不用纠结什么外观，性能之类的，自己喜欢哪个买哪个，比如我就是喜欢森林人，途观再好我也只会买森林人,外观,1,喜欢
LpxGsYFNAicgfKyD,獠牙前脸款的日行灯就是在獠牙上，普通前脸款就在雾灯镀铬条上。,外观,0,
yCJg1H2WIcUZed0M,看你喜欢哪个外观了 特装只有棕色内饰 尊贵有黑内,外观,0,
SpT24xOc9Q385qmt,外观有区别吗？根据你的审美和喜好，是你如何选择？,外观,0,
qmL0SgZuDvTI5cfw,最不看中的就是外观，有点土,外观,-1,有点土
KClEIqyXGmpYczSA,迈进车身线条也加硬朗野性形象慢慢凸显,外观,1,硬朗
FD1mqNbPKHyl2hk0,轮毂太丑了。。。内饰一股丰田味。前脸么。。我感觉都还是现款好看。,外观,-1,还是现款好看
yLTGMxgQad13Zt72,新平台，可能会好一点，但就外观，无所谓,外观,0,无所谓
dzIErsFYWw94eiOC,外观不咋地 不过内饰真的提升还挺多电子手刹也有了,外观,-1,不咋地 
1853bRPeWiHCVtaJ,这么看确实大气点，其实尺寸增加极小，脸是越来越大了,外观,1,这么看确实大气点
E26WYD98H3yl1oje,尾灯简直无力吐槽！还说是亮点,外观,-1,无力吐槽
6JGou81imptd3xlb,最下面这个颜色和光线还可以,外观,1,颜色和光线还可以
y5ijWPxgpTB4qUmv,MD侧面没有镀铬装饰条看着真舒服,外观,1,看着真舒服
r1yQqoaEMiN2Oh0e,个人觉得19款没有老款好看,外观,-1,觉得19款没有老款好看
1xnDMvdCVZmLbpuc,我觉得新款很耐看，比新rav4好看,外观,1,很耐看
e1CMSP4JkmytIOs2,原来的车设计的真好，大气，中规中矩！,外观,1,大气，中规中矩！
Rv8mUPVH3zx52qj7,海蜡，放心吧。找个机会洗掉就行，要不时间长了沾的土都变成泥了呼在上面不好洗，还影响发动机散热。,外观,0,
qJ8kMLpIy9AOan0D,这个也就是在车门四周加一层密封条就行了 也不是特别麻烦 自己买一套或者去汽配城都可以加装的,外观,0,
8nVJeNhijzFfOTK5,这车省油，操控好，较省心毛病不多，要是说烧机油，我没遇到过，这是优点。缺点就是外观设计不咋新潮。希望此帖不要删，大家来多分析和讨论缺点，既然爱，出现问题就要探究，哪怕事实会让我们失望,外观,-1,不咋新潮
grMT7eCcFbq1wht8,棕色也好看的，40岁以下蓝色，以上深棕,外观,0,
cIWgXhY26yjEzl4O,棕色是什么颜色？是指香槟金吗？,外观,0,
ZfFzWi9rnoeXkwNv,走的保险，还有一次我妈用左前杠硬扛公交，左前大灯，前杠，大灯清洗全废，走保险1万二    ,外观,0,
irXJOqgwFBsLZofT,我有棕色图片，明天发给你,外观,0,
MXBZuowlfCRhP5xG,新款比老款好开多了，外形至少本人觉得新款还可以,外观,1,外形至少本人觉得新款还可以
q34aphuIPG9ARxrF,外观完全是拼凑杀马特，轮毂丑到无力吐槽！一代名车，毁了！！,外观,-1,拼凑杀马特
OVASnClszxhmKbBt,不是日行灯，是车尾加装拖钩的取电线。XT森林人有最大5000磅的拖拽能力，安装的时候想着偶尔拖个小房车或者自行车什么的，结果一次没拖过     ,外观,0,
rYS5BdVX6HCEctJe,尾灯好丑，没有老款好看,外观,-1,尾灯好丑
P0iAjMOxXTEd6Gy5,史上最难看的森林人，没有之一,外观,-1,史上最难看
xYl40DeuzEJLivrW,哈哈，我是豪华版，没有獠牙    ,外观,0,
ILm9SnRVPMlbHtgk,真难看，还是第三第四代好看！不知道设计师干什么的。车屁股好像荣放,外观,-1,真难看
2cgmkSo9NFspUaOu,外观多獠牙扰流翼，档把带套，方向盘换挡。电动折叠豪华是有的,外观,0,
6KfHMzBSDnjEJqkI,喜欢老款很简单，18款优惠真的不少了。另外，我看过RAV4的照片，没觉得外观比新款森好，北京车展新RAV4都没有拿出来展览，估计19年能开上就不错了,外观,0,
4QbHucA0d5sEzUow,楼主你好，如果生活在东北道路经常使用融雪剂或者是海边城市空气中盐分较大的话，可以选择喷涂底盘装甲三m的就不错，其他城市没有必要，望你采纳,外观,0,
dcDFTKMPJAr9iVWx,劝你还是不要入手小森，又土，又低调，............ 开着开着就不想下车，不知不觉就很容易超速；红绿灯前点一点油门，溜得比谁都快；油耗又低，想去趟油站买水喝都省了；空间/后座又宽，坐上三个大肥婆都还有空间............ 想换车的理由统统都给LD堵啦！！,外观,1,低调
tWekGMPpKu86X4o3,全时四驱，无论是暴雨还是晴天跑高速稳稳。视线好，重心低高速过弯较爽，油耗低。缺点，内饰太L0W，还偶尔有异响，车漆薄，软，中控山寨，音响属于能响的水平，4儿子店少    ,外观,-1,车漆薄，软
6AXrSVnKNCUgLl43,车是好车，开坑坑洼洼的泥路非常给力，适合跑烂路。油耗不高，外表平淡无奇，平庸无比，内饰渣渣，不如5万块的国产车，视野超级好，调好座椅秒杀一切SUV。中国区的4S店只顾赚钱，不去建设品牌，导致售后服务差，配件被日本垄断，换件超级贵。以上就是优缺点，如果不在意平庸的外观和渣渣内饰以及高价配件和保有量，你可以考虑。,外观,-1,平淡无奇平庸无比
OSLPGo8WT9346uDE,广州车展要七月份了，上市要十月份以后了。不着急用车的话，新款还是值得期待的。sgp平台经过xv一年的检验很成功，新动力总成或许油耗不会降太多但是电机加成启动平顺性肯定会好一些。当然了外观就萝卜白菜了。    ,外观,0,
KNR7ItHEXGrL6dOh,确实，五代这个设计阳刚比不上rav4，自由侠；都市把也没法和crv及途观拼，本来都市 越野同级最强，结果现在一个外观毁所有   ，据说sgp能加强70车身刚性，除了这一点，我真不后悔入了2017款。,外观,-1,毁所有
ZkKoiPuCwrQmv08F,途观国产的外观拉皮怎么看都不协调，要买就买进口的途观原汁原味进口品质。斯巴鲁纵置水平对置发动机 全时四驱是最大卖点，而且是全进口，看你喜欢，我肯定斯巴鲁。,外观,-1,怎么看都不协调
P7NFC6iXmaHAtSMp,我来告诉你，是水平对置发动机重量比直列的要轻很多，外观上看上去都短了好多。    ,外观,0,
Eh1tBWUNX60Arcl8,底盘，发动机都比现在的好。。基本上除了外观，全方位的提升,外观,-1,
yaLh5ZplFRUqs7HX,白色车漆发黄，那是肯定的了，其实其它的车漆也有这种现像，只不过，它们没有白色的明显罢了。另外就是这车应该是金属漆，漆内如果添加的是金属粉的话，也会有氧化发黄的情况。,外观,0,
gFX3mEjbn5NSw0Hi,将近4万，除了车漆薄，别的还行,外观,-1,车漆薄
ed1SKC8DtRoP4Zgn,车身可以去店里全车打蜡一次，可以有效的保护车漆，细小的划痕也会有所修复，灯上的可弄可不弄吧,外观,0,
qftscUEPV2G0Brmb,日系车漆软，稍一碰就是一条头发纹，你白车还不算好，黑车特显，我的黑车都换了个地方洗车了，以前那个店太糙洗一次引擎盖上就好几条划痕。建议你自己打打蜡，或者去汽车美容店抛光打蜡。,外观,-1,日系车漆软
9xm7cYrqbL4Q3wjX,在问烧机油，说明你真心没有彻底了解森仔。车漆软，这个可以纳入选车理由？还是途观吧,外观,-1,车漆软
baukEnQqgoZ3wD0B,先说车漆软的问题，大众车漆厚的是高档车，比如a6  q7（我开过公司的车），途观也就那么回事儿。个人觉得途观是一部女人开的车，没优点也没啥缺点。买森林人是奔着它的特点去的，森开起来的感觉有点像q7（舒适性除外），是一部越开越喜欢开的车，森林人也就是人们常说的缺点和优点都很突出的那种车。没啥可纠结的喜欢森的人不会买途观，哪怕是途观价格优惠很多。,外观,0,
OBAcuQaTDJVlxNbf,烧机油现款（15以后）还不知道，据说改进了；车漆真软，挺你旁边的兄弟如果开门注意就没事，要不然车门全是伤,外观,-1,车漆真软
DMFxATNYuk2viqX6,烧机油的问题应该是解决了，车漆的问题不必太过纠结，贴个车衣就好了,外观,0,
MJjSb6BdcGkDXUO4,现在改色去车管所备案就行了。不过不推荐做全车漆，卖的时候买家会怀疑出过大事故。   ,外观,0,
Okcy6e4KioYpdAB2,原车漆最好还是留着，后喷的工艺达不到烤漆的要求，老化更快，弄不好还会吐露皮了。,外观,0,
iUkIFpPSEluOeK85,够了，做当中。车子还在4S做全车漆。过两天去提,外观,0,
KY6vMunl79mTRA2w,sti是真心好看，，，不明白为啥不能搞个家族化，套用一下sti的前脸,外观,0,
I70nrj8SBF2mEVL5,你提的是豪华导航版，时尚导航版前脸是不一样的，带獠牙。,外观,0,
MURdFyVnX1mt0Glv,恭喜楼主！我刚定了2.5豪华导航，和你一样，喜欢这种前脸。因为银色没现车，得等几个月才能提车。也打算改装钥匙呢，不是因为爱面子，是怕那么长一根戳在兜里太膈应人了。,外观,1,喜欢这种前脸
TLY71cPa9BO2SgNm,这个引擎盖改装了吧，前脸也可以变一下   ,外观,0,
nIR3Zi4XrjkGAauo,前脸设计看着精致，协调了,外观,1,前脸设计看着精致，协调了
quY298zwV0DvNkW3,当初更偏爱日系，无奈荣放前脸无爱、crv停售、日产更无爱，选择来去只有阿森了   ,外观,-1,前脸无爱
JelpyOcIvqFLzNEV,作为森的车主 看到这个新车 好心痛 前脸镀铬太多 让人尴尬 尾部四不像 完全没有森林人几十年的风格了 侧面越来越娘炮 轮毂廉价感十足 内是接近韩国车风格 哎 彻底毁了！不知道兄弟们看到啥感觉？   ,外观,-1,镀铬太多 让人尴尬
fYkWhoHu0eti9zQB,觉得前脸更好看，多些功能，,外观,1,前脸更好看
EZVwqPRzrl9UWGHb,Q5的***当然高于森林人，外观内饰可以吊打森了，但是以下几点也要留意： 1 国产的奥迪 Q5，传说内部味道较大，只是听说，介意的请自己去体验； 2 现在的 Q5，托森中差大概已经抛弃了，四驱还叫 quattro，各位看官自己体会； 3 Q5乘坐起来内部空间横向比森好，纵向不如森，轴距较大，主要是前悬小（宝马也是这样），18新款 Q5L应该空间可以了；,外观,1,
MK5qx0NUE1jhHSnW,花30万买个crv级别的suv，差不多价格的论外观，***，空间，舒适性好像都不是最好的，不比操控我想不出买森林人的理由,外观,0,
kq863Cfw0xljgKWI,欧兰德卖得怎么样我不在乎，我目前开开了近2万公里了。挺省油的，大致都很满意。空间不错过年去丈母娘家撸走不少好东西 ，四驱如何没试过，因为舍不得豁。起步比较肉。中后段很给力。确定漆面太薄，座椅偏短，支持不足。特别是后排太硬。现在车一般都我老婆开。我喜欢骑我承载灵魂的大排    ,外观,-1,漆面太薄
nJbR1iAFjQPma928,当初买车就看中森的安全性和车内没味道，空间也还算可以。。。。。其它什么操控四驱都没兴趣。。。。另外就是喜欢森的外形   ,外观,1,喜欢森的外形
sViJCnh5B8lmDdGr,这就是斯巴鲁的定位，这次新车的设计完全就是酱油位，但外观仍保持偏硬的造型，内饰更让人能够接受，特别有后排出风和USB充电，再加上空间也大。中国市场一出就预定！,外观,1,保持偏硬的造型
Rm1KHgx06zYCO45G,单纯的外观控来说的话，的确不像换代应有的水平，看看其它数据出来后，再做打算把。 内饰说实话，还是如此的廉价的感觉 虽然买车外观和内饰不是重点，但如果在追崇驾驶、操控、品质等其它方面的优势的同时，兼顾一下外观和内饰岂不是更好？毕竟90%以上的用户，还是注重外观和内饰的，我也不例外！ 如此看来，我觉得斯巴鲁可能考虑到老车主的心里，不让老司机有太多心里落差，不然真的解释不通啊,外观,-1,不像换代应有的水平
NVulUPCWjw2id7Gb,只能这样想了，为了照顾老车主的感受，不过对斯巴鲁是真爱的人不管外观内饰多丑都会买的不是吗？！    ,外观,-1,多丑
5GQfCFBoSrE8c2N6,自由光小毛病较多了，二者选其一还是森林人吧，新RAV4外观不错，可以等等。城市SUV的四驱是应付湿滑铺装路面和轻度越野路面的。斯巴鲁我还是更喜欢傲虎，奈何买车时，钱不够上傲虎，还好大舅哥买了傲虎我们经常换车开。    ,外观,1,外观不错
QtyozNrR39USdB28,提升蛮多的，除了外观，希望2.5低配裸车不高于25万,外观,0,
s0MdpwNcOny5JBR7,模拟7速，电子手刹，新平台，功率增大，主动安全，总之变化很大值得期待，只是外观仁者见仁，智者见智了。,外观,0,
dQuhg5vNUnPOtEGV,除了国内的猪大肠，rav4一直外观内饰吊打森林人。,外观,1,吊打
etJ1j8HEMpwBAYf9,什么颜色 外观内饰保持如何啊    ,外观,0,
pU6bHj9aeN0EYWIm,外观没区别，主要是配置上有不一样,外观,0,
5SuJ46kC8vEIwqUX,完全没有可比性的两款车。途观，属神牌，国籍出身高贵，配置高，动力强，外观有面子，内饰经典森林人，小众***丝品牌，国籍出身低贱，配置低，动力一般，外观不符合国人审美，内饰简陋森林人比途观多出的是:操控、视野、四驱、可靠性，这俩车风格完全不同，不知你纠结在哪。,外观,1,有面子
YaRMtmu9cVynQg4p,以前一哥们总结的，二十万的外观，十万的内饰，五十万的操控。,外观,0,
c5h6QqTZ8gKPsuML,同价位比，外观最不能装。,外观,0,
FZvgh2U4CAIVLbl0,同样车友的改外观，你可以参考下，个人觉得比较好看,外观,1,个人觉得比较好看
nyJGzFRm2ICPx8w9,与其性能、外观、内饰，其店内服务最差、最差了。,外观,0,
wDEj7ucYJ10l9ao3,去看了，那客服也是搞笑，折叠有两种价格 一种150的 一种是230的 问客服两个有什么区别，回答就是外观不一样，我为了确定，又问了有没有区别 回答还是都是外观不一样，230的外观还不如150的外观好看，***这是贵在哪客服也懒得回答我   ,外观,0,
Z6fJhSRo4IiyXqva,2.5尊贵外观，獠牙前杠，银色行李架,外观,0,
LfSn2v6gxE7iJshI,你不买18款了吗？感觉19款外观不怎么好看。    ,外观,-1,不怎么好看
mDSfFwgCryhxZ8VO,后排出风口有了，机械手刹也改了，中网丑，总体还行。低配棒棒糖钥匙不知是不是还存在。,外观,-1,中网丑
1b2RUjeJYWpMnPcI,据说这个颜色的只有2.0高配的那款？你这个是吗    ,外观,0,
7rFY6cwVHPJMgdZX,有 只有2.0高配的才有绿色    ,外观,0,
SfNJay8x0ndWwRIK,红色2.5T大鼻子帅气~,外观,1,帅气~
HQ4AGlLyp182bqz6,***，大鼻子森，社会社会！,外观,1,社会社会！
XR5GUCnQMJcbDihq,豁牙子尾灯，真是低级无下限,外观,-1,低级无下限
oq4yS5t0xdOzNsHE,看了尾灯后庆幸自己定了18款。,外观,-1,
VdxzHgZ5c2fme49C,我的尾灯被货车撞了，4s店直接从新车上拿下来一个装我车上了,外观,0,
1c5lIM8YQh2nf3Sp,2.5t的没了，2.0t也没了，难不成跟比亚迪宋学习，看新款的尾灯和比亚迪还真像。唉，安心挣钱准备移植b4,外观,0,
GIW4HcymPx2LMVfa,我的尾灯直接从新车上拿下来的安上去了……,外观,0,
oKt25Ce89VTjmx7N,又一个尾灯烂的，前面有俩人了！烂了就换台产的熊爪灯呗！质量估计也不差，主要还好看,外观,0,
MNlbU4WAzI03CLHk,这内饰怎么这么chou？科技感也是一如既往的差 ，只是新增了后排空调口，电子刹车。为啥我觉得液晶屏那里反而复古了呢 。前网辨识度很高,外观,1,前网辨识度很高
Sx7KdRsFaCpU5m2Q,想多了，有机会去看看实车吧，比较现在的2018款来说，个人认为，仅说外观，整体性比现款好不少！新款厚重大气！再说一遍，不要只看照片！这次北京车展，现款和SGP款车都在一起，感觉很明显，这不是我一个人的感觉，几个对森感兴趣的人（都还没有买），也都是同样的感觉！如果不着急换车，我认为值得期待！,外观,1,新款厚重大气
TDMOPYEFJlBiXRAv,5008感觉设计和外观还不错,外观,1,
pmoarcGskC19jgNb,承认错误是好的，改正错误是对的，还是希望看到更多的错误修正，铝发动机成本更高，车身更轻，有利于节能，比大铁疙瘩强，整体来看还是好车。,外观,1,
XO92GpfdN5rBSsco,还有珍珠白的车漆，买车时就出现铁锈斑，很难擦出，感觉并非表面，现在跑了1.5W，前机盖又出现2处锈斑,外观,-1,
KgAu3UitYO1pBNGC,其实也不想买，森林人价格明显虚高，我就是觉得这个前脸改的还挺好，论性价比的话探界者还是不错呢，就是不喜欢它的c柱,外观,1,
NBErK94D65cSl8LW,途观保值逼格高车漆好隔音好底盘扎实内饰德味没有异响维修便宜，为啥买森林人还多交十万块的税……楼上推荐森林人的要不是伪车主要不就是庞大派来的托,外观,1,
fVbZJQ7BOYW31PE9,我选择斯巴鲁，性能没的说，1我感觉是宝马里外观最难看的，希望能帮到您,外观,-1,
hvNBJIp0KxYWRklw,呵呵，X1就是一面子货，而且外观实在是……,外观,-1,
mChsFdWLMSNHlkG5,外观无差别，我觉得18款优惠的全是忽悠人呢,外观,0,
MoPp3nvmilbQRxu7,森林人四驱性能强悍，CX-5现在新款刚上比较火，冠道车身看起来比前2个大。冠道应该还比前2个贵,外观,1,
8tpiqgCShwvrWb6Y,外观和内饰都好漂亮，喜欢！,外观,1,喜欢
M6LQCcU0kgVFnEvo,外观拉风，内饰精致，动力充沛，真的不错,外观,1,真的不错
c8FZyXOP9zMIxGvl,高速驾驶傲虎比森林人要好那么一丢丢，但在城里开森林人要灵活些（车身短）。中控台傲虎要时尚些，坐后排傲虎要舒服些，其余森林人胜出。其实深林人制冷还是算快的。,外观,1,
KLzd0hCx897R6jFP,时尚款多了运动套件，换挡拨片自动折叠后视镜，獠牙前脸。我个人觉得还是最低配划算。,外观,0,
S5bTK3djcNtCwexf,实用，但外观感觉画蛇添灯,外观,-1,
uCyF2biGRUMmvp1w,外观改的是我喜欢的类型，包围能给个链接吗？这是手动变速箱？,外观,1,
JuOymBijUzrwDWsd,汽油会对车漆造成腐蚀，如果遇到这种情况，还是用水或者湿的毛巾擦干净吧，不过也给你用水冲了，把汽油也稀释差不多没了，再说本身汽油高挥发性。应该没问题。,外观,0,
VECSi5JuIkcnymMO,我的车提车后，洗完车发现保险杠上有那种下完雨白色车特有的淡淡的黑色水渍。另外车身仔细看有很多的黄色锈点，很小。看看你的车走吗？,外观,-1,
AP5aCdRXImi4sLzp,来个森林人的基础升级版7座的，尺寸更大外观凶猛些,外观,1,
716V3JPCTc82SmdQ,当年是冲外观买的，现在仍觉得好，不喜欢圆滑的,外观,1,仍觉得好
lJjrUfNtMmF0bQBV,用的很好啊，车身高度提高了，磨损也耐磨了，毕竟厚度厚，就是AT胎的噪音太大了。,外观,1,
ig9BOajJf67VXvpm,没看说明书么，汽油会破坏车漆，不要滴到车身上，你竟然洗车。有专门的柏油沥青清洗剂，十块钱一瓶，用这个不伤漆。,外观,0,
cS3Kkdpfmigq0DTA,MD就你哪烂焊接车门车顶，刹车四十米开外还好意思出来见人，车漆溥如纸，,外观,-1,
7LGS1ElPMx9gDqeF,我买的16森林人25排量的，科雷傲外观大气，奇骏同款,外观,1,
adrt0hIVEozfscjZ,我朋友开 STI，WRX 都有。没见过安装井字架的。安装后防倾杆的比较多！然后降低车身改排气系统之类的。井字架见都没见过！,外观,0,
lYiDGZmhEeCB1d2n,开到现在，13款的，除了换个刹车开关，目前都很正常，就是油漆薄，现在外观全是坑坑点点。,外观,-1,
F21YUlm6srpZbN0t,2.5 15款4.2W昨天保养前片已到极限没在4s换片，明天换佐佐木陶瓷片650度，没啥底气，外观貌似有金属颗粒，，，,外观,-1,
pr016Rcxm4N3bQlH,外观配色不同，还有尾翼,外观,0,
VSFnYXj6O3KU0CEi,我是因为前脸儿所以没有纠结选的豪华，等了20天左右。纠结就顶配吧，4S说电尾门无钥匙进入后期不能加装，一键启动加装肯定不如原装好。,外观,1,
LWdYGlS4UaeOITEo,我也不喜欢顶配的前脸儿，要不直接顶配了，电动尾门我也不喜欢，要不就不纠结了,外观,-1,
YINGm451VjPwM3Fd,车身晃就响，手放门边上能感受到那种摩擦。,外观,-1,
J2OPqgKNjHeA0Ghc,你好，评估二手车的价格需要专业人员鉴定，根据二手车的年限，原始价格，车况（主要检查车辆承重车架，内饰边角是否有水泡车的痕迹，车漆外观修补，驾车感受等）,外观,0,
8CilBLKwZfJQGtuh,我看了下网上的图片，除了那两样不同，时尚版的前脸和变速箱的档把还有轮毂都有不同，！,外观,0,
vVLNHWqUyebMhYtB,外观那都不算啥，配置啊啊，16款哭,外观,0,
RW7ObuBKipyLfes6,你上车踩住刹车。叫人去车尾看看刹车灯有没有亮,外观,0,
ez8npPKl19SdcgmA,车漆确实薄 轻轻蹭一下就掉 镀晶即可 车衣只能防小剐蹭 稍微造成车壳变形的撞击都会破坏车衣,外观,-1,
8AFrqTowuHEmV5c7,SGP底盘，车身刚性提升70%，操控性舒适性完爆现款！,外观,0,
NOrenAEasu8Tm2bW,车是好车，就是太贵了，而且外观配置这些明面上功夫完全撑不起这个售价，肯定关注度低。,外观,-1,
drYhSZVXN8pQOkM5,豪华版和时尚版还有挺多不一样的，前脸，尾翼，转向灯，波箱,外观,0,
ROwNJbUa4kTEf70u,车身刚性防锈做得怎么样,外观,0,
Oy6queC7wlKbHRk9,检查外观有无大碰撞，在看变速箱和发动机有无大修和撤装痕迹，最后路试看看油门和变速箱换挡是否正常！只有开起来自己感受车况,外观,0,
rAvBTN1hj3tSLJH6,这两款车型根本没有可比性，一个非承载式车身，一个承载式车身。我觉得森林人定位就是城市suv兼顾跑跑轻度烂路，越野耐艹是H5，公路性能森林人。,外观,-1,
9pgz24ThUCedOilx,外观完整，发动机应该也没动过 ，我想问油路水路，制动方面有什么需要特别注意和检查的,外观,1,
ha5Io2bkfuR0WTny,别人只认日本人的发动机，不认日本车的车皮薄嘛。中国造的日本发动机，再加中国车身就是天下无敌,外观,1,
TICics4BpthLW9GY,车尾那个黄贴真low，建议撕掉,外观,-1,
P9MtHUDTw81rILfl,你好，这个应该是出厂的时候就这么设计的，这样的话不会是车子的外观感觉比较抢眼，这没有什么问题，如果你喜欢白色的话，可以把后视镜再喷成白色，,外观,1,
Dk5NBKotX0SEwm3q,建议网上搜下森林人的白车身和底盘结构图，再让4s带着去野地兜几圈,外观,0,
IT0hFCiDXpU4tdkE,估计斯巴鲁也发觉了这个问题，新款XV车身整体刚性提升了70。那原来是有多惨,外观,0,
Ja0XQgL7CpHeij3t,杭州的13年10月份 的2.5 精英 7万5千公里 原车漆 无事故 无维修！,外观,1,
pi4S80XQFaOvIHdq,2018款森林人要不就买低配要不就买高配，而且还要看你喜欢哪个外观，对动力没有太高要求的话就2.0吧,外观,0,
OLFamlKrGwf1bVMT,纠结2.0时尚或者2.5尊贵，我就喜欢獠牙外观，四月份换车预算够就尊贵，预算少就只能2.0了，说实话豪华的外观真心无爱,外观,-1,
VkI8Cz0mK1pM2cjb,开水烫肯定不行，毕竟不是塑料的，这个是全铝的发动机盖。哪怕自己拿工具吸回来，就怕不能恢复原有形状，可能还会伤到车漆,外观,-1,
Mwv6oPuZT01Hhr7G,反正各大车评都说外观内饰不好 就是开起来爽翻天,外观,-1,
5DkbPEe2vSAlzUV4,撼路者是国产版的explorer吗 看前脸有点不像啊 已经花这钱买森了下一步换车我觉得大切不错,外观,0,
nzFrxufHvVjU1Nsk,尾灯应该会比现款好看，从abc三柱来看，外观应该不会和现款差太多。,外观,0,
04LwnB1aJEhRupPV,2呀，横风吹过来车身发飘晃动,外观,-1,
Rv8Cjr9mkaV70EAq,没啥区别 基本就外观区别 因为时尚优惠1万 所以就时尚啦,外观,0,
mM8n103LRvkbzDor,要啥SUV，小森这风噪和胎噪没谁了，车身高玻璃大，肯定考虑轿车啊,外观,1,
X5FQdwS1VsOhUt8Y,很常规的东西，贴膜，脚垫，底盘护甲和装甲，还有镀膜，但是听说镀膜对新车车漆不好，所以没做,外观,-1,
VywQTI4iLuzd1DZ3,老铁没毛病...双击666！！！是不是这样？我这理解逻辑也挑不出毛病吧！你不矫情你试试？多大点事！不就车漆么？我上面这比喻也到位不？,外观,1,
